gene,symbol,score
ENSG00000188290,HES4,4766.384859831098
ENSG00000187608,ISG15,2521.840462601069
ENSG00000131584,ACAP3,4414.241388415587
ENSG00000197921,HES5,860.2328957649498
ENSG00000116254,CHD5,5655.604988832766
ENSG00000225077,ICMT-DT,
ENSG00000074800,ENO1,4935.007884319743
ENSG00000228526,MIR34AHG,
ENSG00000116649,SRM,4697.501753263301
ENSG00000225602,MTOR-AS1,1742358466.8894153
ENSG00000162496,DHRS3,190759.16099308652
ENSG00000162493,PDPN,24068.975212735513
ENSG00000189337,KAZN,6845.827772977252
ENSG00000142634,EFHD2,2489.3861333878003
ENSG00000142615,CELA2A,
ENSG00000224174,,
ENSG00000117215,PLA2G2D,371.08109642766743
ENSG00000127483,HP1BP3,5257.313853594061
ENSG00000173372,C1QA,40613.58362639247
ENSG00000173369,C1QB,490036.88300666865
ENSG00000204219,TCEA3,184344.08565325273
ENSG00000007968,E2F2,7922.563346405695
ENSG00000117318,ID3,769.5261460616791
ENSG00000189266,PNRC2,4755.5850560835
ENSG00000020633,RUNX3,
ENSG00000198830,HMGN2,4247.842775771783
ENSG00000126709,IFI6,4129.338176165856
ENSG00000162511,LAPTM5,3627.7372053128415
ENSG00000162512,SDC3,3449.0563179471374
ENSG00000182866,LCK,
ENSG00000121900,TMEM54,4402.513499907674
ENSG00000121904,CSMD2,4857.037685001445
ENSG00000092853,CLSPN,7747.060842059276
ENSG00000171812,COL8A2,2053573762.8126438
ENSG00000119535,CSF3R,
ENSG00000284650,LOC124904027,
ENSG00000134690,CDCA8,7422.053063851797
ENSG00000163909,HEYL,
ENSG00000065978,YBX1,8647.42699235913
ENSG00000164007,CLDN19,16833.005240754374
ENSG00000117399,CDC20,9722.76163384508
ENSG00000142945,KIF2C,10476.708079039465
ENSG00000117450,PRDX1,4246.645913122994
ENSG00000132780,NASP,5334.027174454063
ENSG00000123473,STIL,6807.53984604554
ENSG00000132122,SPATA6,8851.45071379774
ENSG00000142700,DMRTA2,7276.521667733071
ENSG00000123080,CDKN2C,3387.816758267722
ENSG00000162407,PLPP3,28329.017333972435
ENSG00000187889,FYB2,
ENSG00000173406,DAB1,4353.2508369535135
ENSG00000177606,JUN,5302.465848188809
ENSG00000172456,FGGY,9403.872223528184
ENSG00000162599,NFIA,3939.4574614617422
ENSG00000162607,USP1,3916.0075401733575
ENSG00000142856,ITGB3BP,6043.120055622189
ENSG00000162433,AK4,5058.974141868968
ENSG00000116717,GADD45A,5643.987581128981
ENSG00000172380,GNG12,7504.669948769174
ENSG00000162595,DIRAS3,86564.30285613234
ENSG00000116729,WLS,6327.747583340659
ENSG00000024526,DEPDC1,145834.45085100082
ENSG00000172260,NEGR1,2948.8079682301886
ENSG00000162621,LRRC53,
ENSG00000178965,ERICH3,884.1511148829402
ENSG00000154027,AK5,3796.055462063818
ENSG00000273338,,1183400.7989969032
ENSG00000137959,IFI44L,1005.6136078960091
ENSG00000174021,GNG5,4972.100719710146
ENSG00000153904,DDAH1,3750.7279400855027
ENSG00000142871,CCN1,4737.726236885811
ENSG00000143013,LMO4,4665.206224665429
ENSG00000189195,BTBD8,4494.050247157645
ENSG00000122483,CCDC18,7938.55221827476
ENSG00000117528,ABCD3,4248.335811939707
ENSG00000117525,F3,6058.840527059532
ENSG00000117519,CNN3,3955.277092618062
ENSG00000228971,LINC02607,7004.429912591626
ENSG00000225206,MIR137HG,5251.670150020151
ENSG00000259946,,4510.770048811555
ENSG00000099260,PALMD,2755.654541442735
ENSG00000162692,VCAM1,39688.09576267778
ENSG00000170989,S1PR1,20272.41728811029
ENSG00000060718,COL11A1,10661.598337031824
ENSG00000226822,,
ENSG00000116266,STXBP3,3475.9817880907963
ENSG00000121957,GPSM2,5168.5750160003545
ENSG00000134222,PSRC1,3829.893587728729
ENSG00000184371,CSF1,1001.0982897918502
ENSG00000143119,CD53,
ENSG00000155366,RHOC,2198.841261818128
ENSG00000226419,SLC16A1-AS1,2991.5554701504534
ENSG00000116774,OLFML3,
ENSG00000116824,CD2,
ENSG00000116830,TTF2,7809.934287840023
ENSG00000232650,LINC01780,158722.1608273918
ENSG00000092621,PHGDH,2949.3265871622048
ENSG00000134250,NOTCH2,1926.0935089111324
ENSG00000198019,FCGR1BP,
ENSG00000276216,,6365.79048188813
ENSG00000270629,NBPF14,18066.58157391136
ENSG00000274265,,10591.275681534207
ENSG00000150337,FCGR1A,7544.513121230267
ENSG00000203814,H2BC18,5276.205532793507
ENSG00000184260,H2AC20,3172.6717604651294
ENSG00000143401,ANP32E,4599.36917554865
ENSG00000276110,,1729.8838502217886
ENSG00000143384,MCL1,4601.834777149806
ENSG00000197747,S100A10,642.3895663503015
ENSG00000163191,S100A11,4987.120425094213
ENSG00000159450,TCHH,8177.627195878559
ENSG00000197956,S100A6,19105.608898034225
ENSG00000196154,S100A4,121750.02061399323
ENSG00000188643,S100A16,56784.19805309926
ENSG00000189171,S100A13,6962.525833860505
ENSG00000160678,S100A1,
ENSG00000143545,RAB13,5719.177232631593
ENSG00000173207,CKS1B,3684.3175423334383
ENSG00000160752,FDPS,4544.018579972126
ENSG00000160789,LMNA,5419.658198993053
ENSG00000125462,MIR9-1HG,5608.594169454237
ENSG00000260460,,51836.27305547772
ENSG00000183856,IQGAP3,
ENSG00000132692,BCAN,10286.980214649815
ENSG00000132688,NES,5020.829971735123
ENSG00000143321,HDGF,5038.54111905126
ENSG00000027644,INSRR,
ENSG00000163563,MNDA,6005.228456177581
ENSG00000163565,IFI16,4306.1311268374075
ENSG00000213085,CFAP45,2729.490092599068
ENSG00000158710,TAGLN2,4065.9945968379984
ENSG00000177807,KCNJ10,7329.477645456266
ENSG00000018625,ATP1A2,1692.2396185595978
ENSG00000162734,PEA15,5548.6369495670415
ENSG00000171786,NHLH1,6146.285433788906
ENSG00000066294,CD84,2325.6489642886036
ENSG00000117091,CD48,6230210.589184629
ENSG00000143226,FCGR2A,
ENSG00000173110,HSPA6,235447.8404122052
ENSG00000203747,FCGR3A,
ENSG00000162733,DDR2,2729.400824176943
ENSG00000117152,RGS4,234669.19070940156
ENSG00000143248,RGS5,13136.51178305201
ENSG00000143228,NUF2,5101.2972262923495
ENSG00000143195,ILDR2,2746.018613036348
ENSG00000117477,CCDC181,4192.178811695088
ENSG00000271811,,
ENSG00000197959,DNM3,5287.207820285374
ENSG00000120334,CENPL,6370.993948688946
ENSG00000235750,KIAA0040,
ENSG00000116147,TNR,4861.464545359941
ENSG00000116183,PAPPA2,4691.260997539233
ENSG00000116194,ANGPTL1,19227.93056990568
ENSG00000057252,SOAT1,5090.447029859977
ENSG00000198216,CACNA1E,2898.251048836871
ENSG00000143333,RGS16,17035.421757281474
ENSG00000157060,SHCBP1L,
ENSG00000135842,NIBAN1,14850.93323411401
ENSG00000116679,IVNS1ABP,4219.338244070274
ENSG00000047410,TPR,4182.860624327757
ENSG00000090104,RGS1,1489.8575815679376
ENSG00000227421,LINC01724,3276404.0308107785
ENSG00000000971,CFH,
ENSG00000066279,ASPM,1564.8793518633133
ENSG00000143355,LHX9,7589.194730212213
ENSG00000081237,PTPRC,
ENSG00000118193,KIF14,7251.711415705983
ENSG00000159173,TNNI1,
ENSG00000170075,GPR37L1,42848.567829423424
ENSG00000133067,LGR6,
ENSG00000077152,UBE2T,4160.464433689898
ENSG00000159388,BTG2,7256.008155541192
ENSG00000058668,ATP2B4,5091.3610468156385
ENSG00000143842,SOX13,
ENSG00000162873,KLHDC8A,2945.8828414617133
ENSG00000069275,NUCKS1,5781.197160143294
ENSG00000123689,G0S2,61877068.29162795
ENSG00000009790,TRAF3IP3,
ENSG00000082497,SERTAD4,2045.097575144464
ENSG00000143473,KCNH1,303.2857103789548
ENSG00000082512,TRAF5,10426.471678289445
ENSG00000117650,NEK2,516.8426688299186
ENSG00000143476,DTL,10173.938075402548
ENSG00000162772,ATF3,200043.60751146622
ENSG00000117707,PROX1,5736.381751213193
ENSG00000117724,CENPF,4874.018209975689
ENSG00000092969,TGFB2,10956.713691261555
ENSG00000143507,DUSP10,163953.4599175408
ENSG00000187554,TLR5,
ENSG00000143815,LBR,4671.335916798226
ENSG00000143768,LEFTY2,
ENSG00000177800,TMEM78,
ENSG00000135744,AGT,
ENSG00000116991,SIPA1L2,4709.715283505023
ENSG00000143674,MAP3K21,3071.5637248534836
ENSG00000183780,SLC35F3,23799.463856884013
ENSG00000059588,TARBP1,6524.523547806672
ENSG00000116962,NID1,4544.097257342949
ENSG00000077522,ACTN2,3190.728445561429
ENSG00000198626,RYR2,6510.483566150274
ENSG00000133019,CHRM3,8937.958489123155
ENSG00000174371,EXO1,4683.142856611687
ENSG00000121644,DESI2,4333.749732927973
ENSG00000162849,KIF26B,3119.186640351397
ENSG00000162711,NLRP3,95573.08364541808
ENSG00000198128,OR2L3,447812.5327886902
ENSG00000184731,FAM110C,4332.92387921345
ENSG00000130508,PXDN,5153.07911170572
ENSG00000237401,LINC01304,
ENSG00000115738,ID2,3181.799113287126
ENSG00000119185,ITGB1BP1,4325.631356237754
ENSG00000171848,RRM2,8722.536832500495
ENSG00000284681,,
ENSG00000163009,,56003536.23811108
ENSG00000162981,LRATD1,3023.4507046657172
ENSG00000236989,,
ENSG00000197872,CYRIA,3039.8836261186016
ENSG00000178295,GEN1,7206.502318572025
ENSG00000143878,RHOB,4552.350940581511
ENSG00000115129,TP53I3,8189.985670891279
ENSG00000138092,CENPO,2920.1933299953325
ENSG00000115163,CENPA,474.95114858976916
ENSG00000213639,PPP1CB,3997.5316856633676
ENSG00000158125,XDH,
ENSG00000049323,LTBP1,9961.380830806705
ENSG00000205221,VIT,
ENSG00000183023,SLC8A1,4611.6617032494405
ENSG00000224875,EML4-AS1,19202.94842703399
ENSG00000152518,ZFP36L2,12407.467126567459
ENSG00000152527,PLEKHH2,5858.357520169182
ENSG00000138083,SIX3,
ENSG00000116016,EPAS1,10702964.079817988
ENSG00000119729,RHOQ,5852.189951205202
ENSG00000143933,CALM2,5818.030034969756
ENSG00000184261,KCNK12,4739.507136529954
ENSG00000179915,NRXN1,5593.894884774397
ENSG00000214595,EML6,5028.2664362217065
ENSG00000115355,CCDC88A,4830.807694102428
ENSG00000082898,XPO1,3762.556943987159
ENSG00000115956,PLEK,4149.768955066737
ENSG00000233060,,
ENSG00000239322,ATP6V1B1-AS1,502849.8442210481
ENSG00000144040,SFXN5,3747.47554277813
ENSG00000115350,POLE4,3065.4679314311634
ENSG00000115363,EVA1A,
ENSG00000042493,CAPG,4018.862698199612
ENSG00000118640,VAMP8,
ENSG00000115523,GNLY,754258.2510947707
ENSG00000222041,CYTOR,2428.9634979794414
ENSG00000174501,ANKRD36C,4682.933837019572
ENSG00000121152,NCAPH,8561.870639724548
ENSG00000168754,FAM178B,4043408.5721995845
ENSG00000135976,ANKRD36,2791.6151262289577
ENSG00000230606,APPAT,3177.556089864646
ENSG00000115085,ZAP70,3338.1156484832254
ENSG00000256637,LINC01965,5101.37634309138
ENSG00000235597,LINC01102,4027.3701866883716
ENSG00000119147,ECRG4,4715.187263626022
ENSG00000224568,LINC01886,
ENSG00000115665,SLC5A7,
ENSG00000186522,SEPTIN10,4647.221294155314
ENSG00000169679,BUB1,6377.89089452434
ENSG00000172965,MIR4435-2HG,554538.1366504054
ENSG00000270190,,1694.0911268806615
ENSG00000144152,FBLN7,6689460.366741742
ENSG00000169607,CKAP2L,13772.531626336711
ENSG00000125538,IL1B,
ENSG00000144119,C1QL2,
ENSG00000155368,DBI,4502.160843316105
ENSG00000136732,GYPC,19610.881349332944
ENSG00000136717,BIN1,5472.1492253162605
ENSG00000072163,LIMS2,2981.975451646218
ENSG00000150551,LYPD1,6379.166763293399
ENSG00000152128,TMEM163,6223.244061408562
ENSG00000048991,R3HDM1,4619.903588320844
ENSG00000076003,MCM6,5917.483102489769
ENSG00000115866,DARS1,3612.763265248474
ENSG00000121966,CXCR4,5078.836781185936
ENSG00000150540,HNMT,3754.0049803353177
ENSG00000168702,LRP1B,6114.767428380164
ENSG00000169554,ZEB2,5931.752836154335
ENSG00000115963,RND3,3788.049740547258
ENSG00000123610,TNFAIP6,
ENSG00000182389,CACNB4,2670.5142112176754
ENSG00000177917,ARL6IP6,5320.052708032467
ENSG00000177519,RPRM,3267.6751108083135
ENSG00000153234,NR4A2,6435.731666524094
ENSG00000144283,PKP4,2935.317265093159
ENSG00000144290,SLC4A10,4427.100457286236
ENSG00000115263,GCG,7390.97528826098
ENSG00000078098,FAP,8520.441086375304
ENSG00000115271,GCA,4363.584876577707
ENSG00000182263,FIGN,3363.157083645039
ENSG00000136531,SCN2A,5308.086709767054
ENSG00000144285,SCN1A,2527.725293587852
ENSG00000169432,SCN9A,9416.762086442728
ENSG00000198648,STK39,6071.255058296126
ENSG00000152253,SPC25,14959.67127427634
ENSG00000073737,DHRS9,
ENSG00000154479,CFAP210,13935.986987843535
ENSG00000222033,LINC01124,
ENSG00000204335,SP5,639.4965582143685
ENSG00000128683,GAD1,14874.764027188565
ENSG00000128708,HAT1,5564.991431410102
ENSG00000144355,DLX1,5931.513798561756
ENSG00000115844,DLX2,1887.4362147373863
ENSG00000091409,ITGA6,2424.882770142758
ENSG00000091436,MAP3K20,8765.426525162758
ENSG00000144354,CDCA7,18788.91336750988
ENSG00000217236,SP9,2189.673413709825
ENSG00000236449,,
ENSG00000138435,CHRNA1,
ENSG00000170144,HNRNPA3,5468.668441618529
ENSG00000116044,NFE2L2,1749.6999157882517
ENSG00000144331,ZNF385B,4257.522789835142
ENSG00000115232,ITGA4,
ENSG00000162992,NEUROD1,3507.02895942514
ENSG00000188738,FSIP2,16014.38090191308
ENSG00000144369,FAM171B,4309.68012538858
ENSG00000003436,TFPI,57551.88502832238
ENSG00000144366,GULP1,3456.2057401588495
ENSG00000204262,COL5A2,34322.23082629075
ENSG00000228509,,
ENSG00000168497,CAVIN2,
ENSG00000144339,TMEFF2,4981.653933957852
ENSG00000081320,STK17B,12292.121841207494
ENSG00000144395,CCDC150,11780.530037819926
ENSG00000187944,C2orf66,13123.210839220335
ENSG00000144381,HSPD1,4738.646213054256
ENSG00000115541,HSPE1,5184.079676308903
ENSG00000162944,RFTN2,25817.597969745533
ENSG00000119042,SATB2,5157.841658745429
ENSG00000196141,SPATS2L,3907.8489459398716
ENSG00000163535,SGO2,2566.9708797426056
ENSG00000003400,CASP10,
ENSG00000118257,NRP2,1561.3730000546152
ENSG00000114942,EEF1B2,6500.649265523936
ENSG00000144407,PTH2R,10245.68309414574
ENSG00000144406,UNC80,8163.122009806143
ENSG00000178568,ERBB4,2919.454995880372
ENSG00000138376,BARD1,6248.189302976179
ENSG00000115414,FN1,3824.2315676395647
ENSG00000115457,IGFBP2,5268.721004886486
ENSG00000115461,IGFBP5,2964.667620686295
ENSG00000018280,SLC11A1,1693.7409808599643
ENSG00000236445,LINC00608,623.6939664706787
ENSG00000230432,,
ENSG00000227308,LOC105373888,
ENSG00000236451,,
ENSG00000116106,EPHA4,4245.66966757269
ENSG00000171951,SCG2,2805.621310203859
ENSG00000135919,SERPINE2,4431.871117348855
ENSG00000123977,DAW1,
ENSG00000067066,SP100,2305.281763864059
ENSG00000135916,ITM2C,4361.494778813706
ENSG00000204128,C2orf72,9038.21537131179
ENSG00000115468,EFHD1,246185.37728694262
ENSG00000066248,NGEF,3333.4180906987826
ENSG00000168918,INPP5D,88096.41652579985
ENSG00000123485,HJURP,30926.098131115246
ENSG00000234949,RAB17-DT,19367.580179664477
ENSG00000132329,RAMP1,223787.4628451058
ENSG00000144488,ESPNL,
ENSG00000144485,HES6,5251.074177031725
ENSG00000178602,OTOS,9511.228088218879
ENSG00000168385,SEPTIN2,3139.652211848662
ENSG00000168393,DTYMK,4002.0416302912386
ENSG00000134121,CHL1,3679.956805509768
ENSG00000235158,,
ENSG00000144619,CNTN4,8713.621465408864
ENSG00000134107,BHLHE40,3147.648857439555
ENSG00000189229,LOC105376944,9648.371722896485
ENSG00000196277,GRM7,7883.123743503008
ENSG00000144554,FANCD2,4146.140056178614
ENSG00000157103,SLC6A1,7149.106231173081
ENSG00000196639,HRH1,
ENSG00000157150,TIMP4,
ENSG00000163520,FBLN2,1420.6518126972935
ENSG00000144596,GRIP2,1663.0798454607752
ENSG00000129810,SGO1,5584.407713750951
ENSG00000151789,ZNF385D,2797.125911154378
ENSG00000151090,THRB,19759.976695711834
ENSG00000179796,LRRC3B,4995.31004957698
ENSG00000163508,EOMES,1735.9165932618178
ENSG00000144642,RBMS3,1969.0281639522832
ENSG00000172995,ARPP21,4832.3405619084315
ENSG00000144655,CSRNP1,37122.25853877014
ENSG00000168329,CX3CR1,61638.26237581097
ENSG00000114784,EIF1B,4934.989683778914
ENSG00000168036,CTNNB1,4237.080217287895
ENSG00000187094,CCK,1229.437885891824
ENSG00000261786,,1055451.717194681
ENSG00000163808,KIF15,12080.357694897148
ENSG00000249992,TMEM158,3864.675791848982
ENSG00000163823,CCR1,
ENSG00000114646,CSPG5,4651.477083670752
ENSG00000067560,RHOA,4877.483233297096
ENSG00000007402,CACNA2D2,6163.683967854247
ENSG00000164087,POC1A,2657.3906141961593
ENSG00000114854,TNNC1,
ENSG00000168268,NT5DC2,4439.612959831723
ENSG00000243696,,26477.84581970363
ENSG00000157388,CACNA1D,2968.6799854583433
ENSG00000056736,IL17RB,9813.32630509704
ENSG00000157445,CACNA2D3,10056.02874549173
ENSG00000243715,CACNA2D3-AS1,87263.0711460075
ENSG00000168309,FAM107A,3576.433248179226
ENSG00000144724,PTPRG,4973.659690430084
ENSG00000153266,FEZF2,3240.497663926321
ENSG00000163618,CADPS,5155.877080337377
ENSG00000151276,MAGI1,2016.2637123024451
ENSG00000144749,LRIG1,7735.414326176207
ENSG00000183662,TAFA1,5405.290272151835
ENSG00000114861,FOXP1,3176.4579229109245
ENSG00000121440,PDZRN3,50260.48379367195
ENSG00000113805,CNTN3,8418.127181253656
ENSG00000179097,HTR1F,2058.7004317029196
ENSG00000154175,ABI3BP,
ENSG00000144802,NFKBIZ,3063.214670984443
ENSG00000170017,ALCAM,2655.4110834021617
ENSG00000114439,BBX,1568.6740005982122
ENSG00000177707,NECTIN3,2585.6694545003684
ENSG00000091986,CCDC80,78.01415300008544
ENSG00000144857,BOC,4326.800666520092
ENSG00000181722,ZBTB20,3996.549076766878
ENSG00000172020,GAP43,3827.6783991439993
ENSG00000185565,LSAMP,3757.0562495429353
ENSG00000163430,FSTL1,4744.913766081577
ENSG00000051341,POLQ,25804.918019317076
ENSG00000180353,HCLS1,1948831.5370142204
ENSG00000114023,FAM162A,1999.4789869455258
ENSG00000173193,PARP14,3240.7626320927197
ENSG00000082781,ITGB5,1511.162916014668
ENSG00000173706,HEG1,2097.1791718022637
ENSG00000250012,,86789.65821302509
ENSG00000073111,MCM2,3498.4691283699594
ENSG00000074416,MGLL,3505.2600648690254
ENSG00000179348,GATA2,
ENSG00000114654,EFCC1,
ENSG00000184897,H1-10,5173.998273269791
ENSG00000114107,CEP70,5160.426645466673
ENSG00000114115,RBP1,4956.7028766027
ENSG00000158258,CLSTN2,10488.762137588648
ENSG00000181744,DIPK2A,3570.2713319805616
ENSG00000152952,PLOD2,1124.4852014743883
ENSG00000188313,PLSCR1,1438.1518326596663
ENSG00000152977,ZIC1,1266.9920064015355
ENSG00000239922,LOC124909496,
ENSG00000018408,WWTR1,2845.757422296995
ENSG00000206199,ANKUB1,
ENSG00000070087,PFN2,4617.516778434938
ENSG00000163646,CLRN1,204548.43555584704
ENSG00000144893,MED12L,6267.427069004363
ENSG00000169860,P2RY1,1789.0125413630965
ENSG00000114790,ARHGEF26,9253.30763932825
ENSG00000196549,MME,11994.079348094896
ENSG00000243629,LINC00880,5207.289352666745
ENSG00000163660,CCNL1,3333.5339892937072
ENSG00000197415,VEPH1,2337.0300875129906
ENSG00000178053,MLF1,4751.291373219365
ENSG00000214216,IQCJ,18997.7066989917
ENSG00000113810,SMC4,4782.693360482239
ENSG00000213186,TRIM59,8271.927244775057
ENSG00000244128,LINC01322,6029.084455838097
ENSG00000163536,SERPINI1,4651.979827707711
ENSG00000085276,MECOM,290602.01869948016
ENSG00000163584,RPL22L1,5374.151354598152
ENSG00000075651,PLD1,
ENSG00000114346,ECT2,3455.8929221695016
ENSG00000172667,ZMAT3,6981.137828313311
ENSG00000239381,,
ENSG00000181449,SOX2,7079.878912226877
ENSG00000244405,ETV5,3667.5931901136287
ENSG00000163918,RFC4,4544.419846324727
ENSG00000127241,MASP1,3001.023585878772
ENSG00000157005,SST,8952.2299110472
ENSG00000224187,LINC01991,
ENSG00000090530,P3H2,5213.727191363467
ENSG00000114279,FGF12,5551.458715879754
ENSG00000114315,HES1,9268.930915187995
ENSG00000230401,LINC01972,
ENSG00000163945,UVSSA,3985.6038754202605
ENSG00000013810,TACC3,6788.533913394083
ENSG00000068078,FGFR3,13056.907938738961
ENSG00000170891,CYTL1,
ENSG00000152953,STK32B,2868.5011812280627
ENSG00000004468,CD38,
ENSG00000007062,PROM1,16068.771885669034
ENSG00000169744,LDB2,4808.749355568178
ENSG00000109805,NCAPG,3313.449362370697
ENSG00000280650,KCNIP4-IT1,77174673.79613778
ENSG00000109610,SOD3,
ENSG00000091490,SEL1L3,4802.315846161069
ENSG00000169851,PCDH7,5087.596216130699
ENSG00000047365,ARAP2,28388.37382258866
ENSG00000247193,LOC439933,13665.128877899679
ENSG00000197712,FAM114A1,7342.090146797072
ENSG00000035928,RFC1,3705.0360859914604
ENSG00000168421,RHOH,
ENSG00000163697,APBB2,5380.128482864729
ENSG00000154277,UCHL1,6218.013629082421
ENSG00000064042,LIMCH1,4536.505425419113
ENSG00000251350,LINC02475,
ENSG00000109158,GABRA4,9478.554156627564
ENSG00000163288,GABRB1,5889.449641542227
ENSG00000109182,CWH43,
ENSG00000128045,RASL11B,6107.995184696011
ENSG00000180613,GSX2,
ENSG00000134853,PDGFRA,4161.180782490013
ENSG00000163440,PDCL2,
ENSG00000109255,NMU,135984.17455601026
ENSG00000174799,CEP135,6088.7117122567815
ENSG00000128050,PAICS,4565.481904776392
ENSG00000171476,HOPX,4909.012992887469
ENSG00000084093,REST,8972.92058379651
ENSG00000163453,IGFBP7,13219.183474881533
ENSG00000150471,ADGRL3,4259.290537414259
ENSG00000205678,TECRL,
ENSG00000145241,CENPC,4607.400160928633
ENSG00000080493,SLC4A4,5661.27731620356
ENSG00000169429,CXCL8,57540.68651429016
ENSG00000163736,PPBP,
ENSG00000163734,CXCL3,
ENSG00000081041,CXCL2,403556.87004485953
ENSG00000124882,EREG,2730.771392834266
ENSG00000138771,SHROOM3,5038.454169169409
ENSG00000138758,SEPTIN11,5432.896429123154
ENSG00000138670,RASGEF1B,3901.2371277605957
ENSG00000138678,GPAT3,
ENSG00000251260,WDFY3-AS1,20737.777445516436
ENSG00000152583,SPARCL1,85928.81577891984
ENSG00000152591,DSPP,
ENSG00000118785,SPP1,3629.8868697433572
ENSG00000163644,PPM1K,6347.7492122396425
ENSG00000138646,HERC5,16173.466961379143
ENSG00000152208,GRID2,11411.90627979892
ENSG00000163110,PDLIM5,3528.2817755353108
ENSG00000138823,MTTP,16713.595653504533
ENSG00000164032,H2AZ1,6533.782200842208
ENSG00000138778,CENPE,5695.02178520222
ENSG00000168772,CXXC4,9232.027265287636
ENSG00000168743,NPNT,
ENSG00000138796,HADH,6584.826071711691
ENSG00000138795,LEF1,
ENSG00000005059,MCUB,2279.395482058091
ENSG00000178403,NEUROG2,3494.4954153004364
ENSG00000138658,ZGRF1,4514.820320703361
ENSG00000164099,PRSS12,5429.5912077483135
ENSG00000172403,SYNPO2,7039.109638990168
ENSG00000164109,MAD2L1,8321.53762435117
ENSG00000164111,ANXA5,5566.794215960117
ENSG00000145386,CCNA2,6924.976981188725
ENSG00000164056,SPRY1,5716.717587356768
ENSG00000164066,INTU,3978.538324465966
ENSG00000142731,PLK4,7219.146693580332
ENSG00000077684,JADE1,3862.7683736034796
ENSG00000138650,PCDH10,3354.787298352767
ENSG00000151012,SLC7A11,1565.500591961827
ENSG00000153132,CLGN,4763.154792706847
ENSG00000109458,GAB1,6583.729769446268
ENSG00000250361,GYPB,11417.339276700874
ENSG00000164161,HHIP,76244.15775717855
ENSG00000151617,EDNRA,3884.1412125194242
ENSG00000109670,FBXW7,6472.35058063178
ENSG00000121211,MND1,6810.057347791676
ENSG00000145423,SFRP2,1316.1674054701368
ENSG00000185149,NPY2R,1185.7112108955187
ENSG00000120251,GRIA2,4073.2724691549897
ENSG00000164125,GASK1B,92149.48722480732
ENSG00000171509,RXFP1,
ENSG00000168843,FSTL5,3406.847414087794
ENSG00000164128,NPY1R,4402.225780798772
ENSG00000052802,MSMO1,5787.611999913321
ENSG00000129116,PALLD,6569.552901246168
ENSG00000174473,GALNTL6,
ENSG00000164104,HMGB2,2936.1023993365147
ENSG00000164105,SAP30,3720.017674537959
ENSG00000164106,SCRG1,7166.943754300097
ENSG00000249945,,27283.277251556585
ENSG00000109674,NEIL3,9562.685284827
ENSG00000151718,WWC2,4355.7496798701995
ENSG00000164305,CASP3,6113.339230113366
ENSG00000151725,CENPU,5183.948982146509
ENSG00000154553,PDLIM3,6135.122364507924
ENSG00000083857,FAT1,12401.446640066983
ENSG00000188818,ZDHHC11,7118.829432191013
ENSG00000153395,LPCAT1,2813.1013080638763
ENSG00000170561,IRX2,
ENSG00000112902,SEMA5A,1830.5980252005302
ENSG00000250786,SNHG18,10297.703727430202
ENSG00000145555,MYO10,4827.402918325238
ENSG00000249937,LINC02223,
ENSG00000040731,CDH10,4414.647283912596
ENSG00000113361,CDH6,14061.108035654794
ENSG00000113389,NPR3,3202.753735843024
ENSG00000152611,CAPSL,
ENSG00000164188,RANBP3L,1689.1899113292332
ENSG00000079215,SLC1A3,6088.924281837913
ENSG00000113594,LIFR,3782.424346171556
ENSG00000082074,FYB1,5653.811796800843
ENSG00000250722,SELENOP,4632.408851289499
ENSG00000112972,HMGCS1,4701.405206036886
ENSG00000172244,C5orf34,4191.669555541963
ENSG00000164171,ITGA2,7127.018629220729
ENSG00000134363,FST,34097.53447579798
ENSG00000249069,,
ENSG00000164294,GPX8,232607.32466604823
ENSG00000134352,IL6ST,6503.519840563733
ENSG00000164512,ANKRD55,
ENSG00000095015,MAP3K1,3857.4738030307035
ENSG00000145632,PLK2,4153.694627715714
ENSG00000035499,DEPDC1B,3680.5524628968255
ENSG00000049192,ADAMTS6,3832.07470722298
ENSG00000123219,CENPK,5259.842074689655
ENSG00000069020,MAST4,10738.65605323364
ENSG00000145675,PIK3R1,2629.958065368377
ENSG00000134057,CCNB1,14458.211647499296
ENSG00000153044,CENPH,5777.4692350639425
ENSG00000152939,MARVELD2,8052.55969330266
ENSG00000131711,MAP1B,7418.569683102355
ENSG00000251493,FOXD1,52928261.21702999
ENSG00000214944,ARHGEF28,222236.0177553679
ENSG00000113161,HMGCR,3689.1208322023094
ENSG00000122012,SV2C,124973.48884796907
ENSG00000145703,IQGAP2,7613.078719347511
ENSG00000145708,CRHBP,85905.3046192474
ENSG00000164309,CMYA5,638.381694711553
ENSG00000228716,DHFR,3797.036288189535
ENSG00000038427,VCAN,5273.18109326819
ENSG00000145681,HAPLN1,2080.2820468587706
ENSG00000081189,MEF2C,4424.198890913851
ENSG00000164199,ADGRV1,4867.491519426696
ENSG00000175745,NR2F1,2301.158491126952
ENSG00000153113,CAST,5886.7662010278755
ENSG00000145721,LIX1,538944.7347835161
ENSG00000171444,MCC,4816.142630016884
ENSG00000129596,CDO1,5164.1383601367725
ENSG00000113083,LOX,3793.3176793824
ENSG00000249112,,
ENSG00000113368,LMNB1,4485.075611852233
ENSG00000145794,MEGF10,10727.18628449879
ENSG00000138829,FBN2,244.51975153478332
ENSG00000145808,ADAMTS19,1594.1832804261737
ENSG00000164398,ACSL6,8977.127347421001
ENSG00000125347,IRF1,4258.6476392940585
ENSG00000272772,,
ENSG00000113648,MACROH2A1,3608.869416263247
ENSG00000181965,NEUROG1,23416.91143673125
ENSG00000145824,CXCL14,17651.64178567326
ENSG00000145832,SLC25A48,
ENSG00000120708,TGFBI,
ENSG00000113658,SMAD5,4635.478962872156
ENSG00000152377,SPOCK1,3584.1694577374205
ENSG00000112984,KIF20A,1896.323042475008
ENSG00000158402,CDC25C,
ENSG00000120738,EGR1,4969.4564501746645
ENSG00000171604,CXXC5,6346.49079875904
ENSG00000081818,PCDHB4,5337.097154543708
ENSG00000177839,PCDHB9,3453.6698474792793
ENSG00000120324,PCDHB10,5316.353511111993
ENSG00000253485,PCDHGA5,4500.044411685382
ENSG00000113578,FGF1,
ENSG00000183775,KCTD16,7879.426924850478
ENSG00000169252,ADRB2,
ENSG00000182578,CSF1R,1114987.54100417
ENSG00000019582,CD74,5881.079570432963
ENSG00000211445,GPX3,12728.779050640826
ENSG00000197043,ANXA6,3415.8832339862506
ENSG00000198624,CCDC69,676.03924676686
ENSG00000113140,SPARC,3350.7505213079216
ENSG00000249484,LINC01470,
ENSG00000155511,GRIA1,4215.744855117269
ENSG00000170624,SGCD,12754.92566425505
ENSG00000253311,LINC01847,
ENSG00000164611,PTTG1,9710.188868163077
ENSG00000145864,GABRB2,3587.5558163652495
ENSG00000022355,GABRA1,265935.4915835871
ENSG00000170584,NUDCD2,5476.173062403773
ENSG00000072571,HMMR,1467.941862678627
ENSG00000038274,MAT2B,4274.317877211807
ENSG00000145934,TENM2,5833.366759228941
ENSG00000184347,SLIT3,
ENSG00000040275,SPDL1,4890.596975901458
ENSG00000134516,DOCK2,9616.70189424628
ENSG00000182132,KCNIP1,7355.22075411145
ENSG00000164438,TLX3,
ENSG00000214357,NEURL1B,7465.1771690945325
ENSG00000120129,DUSP1,2860.5507549302974
ENSG00000120149,MSX2,
ENSG00000145920,CPLX2,4725.659157728894
ENSG00000182230,,
ENSG00000213347,MXD3,6948.361473038538
ENSG00000249849,,
ENSG00000197451,HNRNPAB,5074.386563543364
ENSG00000146054,TRIM7,172694.54583765488
ENSG00000054598,FOXC1,63527947.05591759
ENSG00000124570,SERPINB6,4723.356023995218
ENSG00000137267,TUBB2A,6351.005780175762
ENSG00000198721,ECI2,3566.972319144078
ENSG00000124785,NRN1,3933.4448641869235
ENSG00000238221,,2097.7971842626316
ENSG00000197977,ELOVL2,5359.321617124888
ENSG00000050393,MCUR1,4713.770186016441
ENSG00000137198,GMPR,
ENSG00000124795,DEK,4545.017099535112
ENSG00000172201,ID4,4422.200359739474
ENSG00000112242,E2F3,5324.891015129696
ENSG00000112312,GMNN,3976.457962413085
ENSG00000111913,RIPOR2,13586.621157709924
ENSG00000079691,CARMIL1,11459.749411804074
ENSG00000079689,SCGN,33893.91510767822
ENSG00000124610,H1-1,4703.85346086477
ENSG00000274267,,220831.2728579267
ENSG00000187837,H1-2,4529.436057921715
ENSG00000197061,H4C3,4332.285849406551
ENSG00000187475,H1-6,
ENSG00000180573,H2AC6,6086.685374810421
ENSG00000168298,H1-4,3559.9705048711717
ENSG00000282988,,2164.2015323243313
ENSG00000124575,H1-3,6474.869455506644
ENSG00000277775,H3C7,71444.5142252135
ENSG00000275713,H2BC9,18395.59213623184
ENSG00000273983,H3C8,2842.361519728033
ENSG00000158406,H4C8,1206.9204685984096
ENSG00000124557,BTN1A1,
ENSG00000124635,H2BC11,20896.735744071557
ENSG00000196787,H2AC11,8008.918831242741
ENSG00000274997,H2AC12,5553.666131141152
ENSG00000276903,H2AC16,16862.57752010313
ENSG00000184357,H1-5,4537.359178129675
ENSG00000206503,HLA-A,3545.26431054828
ENSG00000204625,HCG9,
ENSG00000204592,HLA-E,43835.90108158149
ENSG00000196230,TUBB,8794.224999524826
ENSG00000137331,IER3,5315.794597872104
ENSG00000137310,TCF19,5901.2833172773635
ENSG00000204525,HLA-C,2563.1995245408802
ENSG00000234745,HLA-B,6098.84708875773
ENSG00000232810,TNF,
ENSG00000204472,AIF1,2009.6398356344148
ENSG00000213719,CLIC1,4232.533274565006
ENSG00000204389,HSPA1A,5693.234251058304
ENSG00000204388,HSPA1B,2915.6573169857124
ENSG00000204287,HLA-DRA,49720.384504254864
ENSG00000240065,PSMB9,
ENSG00000237649,KIFC1,196824.5208768822
ENSG00000137288,UQCC2,3648.5594995725496
ENSG00000124762,CDKN1A,4483.980359315157
ENSG00000137193,PIM1,5434.964863273899
ENSG00000112139,MDGA1,6091.01425616781
ENSG00000124767,GLO1,4746.694651876917
ENSG00000146122,DAAM2,2357.71262821312
ENSG00000112559,MDFI,8715.198074537666
ENSG00000096088,PGC,
ENSG00000112667,DNPH1,3669.0552834412347
ENSG00000112715,VEGFA,4830.972000200949
ENSG00000244694,PTCHD4,
ENSG00000031691,CENPQ,6751.288995697674
ENSG00000112077,RHAG,55565.21895050122
ENSG00000226733,LOC100505985,5858.097165323425
ENSG00000008197,TFAP2D,638.6531742264663
ENSG00000112118,MCM3,7153.978520077128
ENSG00000170915,PAQR8,2429.2770869747683
ENSG00000151914,DST,3702.5990914341273
ENSG00000112280,COL9A1,3783.7341383593302
ENSG00000112309,B3GAT2,3409.8799878101345
ENSG00000119900,OGFRL1,4812.411877859928
ENSG00000111799,COL12A1,2740.9343795789805
ENSG00000118407,FILIP1,3864.3267813379134
ENSG00000196586,MYO6,3875.1812026002467
ENSG00000146247,PHIP,3071.3345586142777
ENSG00000118418,HMGN3,4380.267618354973
ENSG00000112742,TTK,20974.65436539873
ENSG00000065833,ME1,7316.601613569337
ENSG00000146250,PRSS35,56438.99108857354
ENSG00000146281,PM20D2,2812.540315650504
ENSG00000172461,FUT9,4278.557311324769
ENSG00000146263,MMS22L,2805.365889587052
ENSG00000271860,LOC101927314,2797.959804098397
ENSG00000112238,PRDM13,112681.4780739557
ENSG00000164418,GRIK2,446.15638164134236
ENSG00000057657,PRDM1,4338.070965796089
ENSG00000146285,SCML4,9995.51031763512
ENSG00000112333,NR2E1,5054.6683923976225
ENSG00000112335,SNX3,3244.4373306498132
ENSG00000146360,GPR6,46212.34340925025
ENSG00000009413,REV3L,4731.833059542151
ENSG00000112769,LAMA4,4543.492924481473
ENSG00000251258,RFPL4B,
ENSG00000196376,SLC35F1,6497.037504987555
ENSG00000152661,GJA1,3785.0004798524824
ENSG00000164434,FABP7,6155.799005762003
ENSG00000186439,TRDN,229160.78389166674
ENSG00000188580,NKAIN2,4268.774403734676
ENSG00000203760,CENPW,3373.1248715334164
ENSG00000146374,RSPO3,5134.708618242398
ENSG00000152894,PTPRK,5926.58337299272
ENSG00000118523,CCN2,11275.060919300673
ENSG00000079931,MOXD1,4203.262823402191
ENSG00000118513,MYB,4706.784876211344
ENSG00000135541,AHI1,6182.128536524966
ENSG00000260418,,83098.8012680639
ENSG00000135525,MAP7,24313.487778385075
ENSG00000197442,MAP3K5,5897280.254683572
ENSG00000118503,TNFAIP3,2415.8059214558757
ENSG00000112379,ARFGEF3,5634.5057299718355
ENSG00000112414,ADGRG6,1016.3875644880727
ENSG00000112419,PHACTR2,7938.667143882593
ENSG00000118495,PLAGL1,3750.897816443093
ENSG00000152818,UTRN,6477.500865268078
ENSG00000203727,SAMD5,25025.090709565105
ENSG00000111961,SASH1,7830.681727648452
ENSG00000131016,AKAP12,5243.854780187582
ENSG00000120262,CCDC170,
ENSG00000131018,SYNE1,4611.322115667025
ENSG00000112029,FBXO5,7864.4462509229315
ENSG00000078269,SYNJ2,8511.830182745607
ENSG00000164694,FNDC1,
ENSG00000120437,ACAT2,4438.031103238403
ENSG00000146477,SLC22A3,
ENSG00000112531,QKI,5017.36306170076
ENSG00000223414,,
ENSG00000198719,DLL1,4828.062588435188
ENSG00000225146,,
ENSG00000225968,ELFN1,2435.0389134238194
ENSG00000106003,LFNG,3640.615692279172
ENSG00000215018,COL28A1,362039.3651491238
ENSG00000106399,RPA3,4730.21250806206
ENSG00000106415,GLCCI1,5237.820734400075
ENSG00000122584,NXPH1,91922.56868827475
ENSG00000005108,THSD7A,5743.097739642449
ENSG00000122644,ARL4A,5182.339965591812
ENSG00000006468,ETV1,10548.245204525016
ENSG00000105855,ITGB8,4599.0331322291895
ENSG00000164651,SP8,19981.514443577897
ENSG00000164649,CDCA7L,5227.374139665308
ENSG00000136244,IL6,
ENSG00000136235,GPNMB,
ENSG00000122585,NPY,4304.450646494801
ENSG00000105926,PALS2,4490.141409364499
ENSG00000122566,HNRNPA2B1,6910.376947871463
ENSG00000005020,SKAP2,6345.556251196234
ENSG00000078399,HOXA9,
ENSG00000253293,HOXA10,
ENSG00000146592,CREB5,7769.560850200743
ENSG00000255690,TRIL,2967.7574435298498
ENSG00000272568,CPVL-AS2,10414.544642092913
ENSG00000136193,SCRN1,3726.112236457503
ENSG00000006625,GGCT,4764.385308943136
ENSG00000164600,NEUROD6,5865.109777962302
ENSG00000106341,PPP1R17,441.95345834128966
ENSG00000106355,LSM5,3513.6317623867435
ENSG00000122545,SEPTIN7,5782.143745795634
ENSG00000122547,EEPD1,5314.663174471165
ENSG00000011426,ANLN,4218.790451502807
ENSG00000106536,POU6F2,9789.254192885193
ENSG00000122641,INHBA,4449.911263271347
ENSG00000106571,GLI3,9778.228143830844
ENSG00000164543,STK17A,5155.068577875386
ENSG00000058404,CAMK2B,4746.488136158094
ENSG00000015520,NPC1L1,
ENSG00000196262,PPIA,5846.887894928088
ENSG00000105968,H2AZ2,4002.371839887823
ENSG00000164742,ADCY1,4479.657746515481
ENSG00000146674,IGFBP3,10210.077025574637
ENSG00000188730,VWC2,5831.891083855106
ENSG00000185811,IKZF1,
ENSG00000106078,COBL,3012732.8639448253
ENSG00000170419,VSTM2A,23273.066612990056
ENSG00000146648,EGFR,3040.669736623775
ENSG00000106211,HSPB1,4090.3904551048877
ENSG00000019991,HGF,
ENSG00000186472,PCLO,3981.2865803275695
ENSG00000170381,SEMA3E,4957.784280186669
ENSG00000198822,GRM3,5011.95157687351
ENSG00000006634,DBF4,3204.830012043102
ENSG00000075142,SRI,4549.45890880589
ENSG00000283267,FAM237B,88096.41652579985
ENSG00000105810,CDK6,3796.9718902215163
ENSG00000237819,CDK6-AS1,106964.30178529427
ENSG00000205413,SAMD9,6648.431396288906
ENSG00000188175,HEPACAM2,
ENSG00000127920,GNG11,5797.9400424394335
ENSG00000164692,COL1A2,422995.42467628745
ENSG00000242265,PEG10,4200.330015718092
ENSG00000236197,PPP1R9A-AS1,3331.587317539074
ENSG00000105854,PON2,5165.1697960033725
ENSG00000158560,DYNC1I1,4149.496222248899
ENSG00000231764,DLX6-AS1,7981.8956710801785
ENSG00000006377,DLX6,615178.5778379636
ENSG00000105880,DLX5,2148.8810971248236
ENSG00000106236,NPTX2,9940.332053892253
ENSG00000166508,MCM7,5354.99971323895
ENSG00000087077,TRIP6,8757.239293469325
ENSG00000169871,TRIM56,4527.730006924898
ENSG00000128606,LRRC17,3990.8904370137657
ENSG00000161048,NAPEPLD,3720.131883588946
ENSG00000189056,RELN,3041.9878056309763
ENSG00000008282,SYPL1,3182.9268407289583
ENSG00000172209,GPR22,4966.9317574715
ENSG00000091129,NRCAM,5702.106485227333
ENSG00000173114,LRRN3,3815.3850528896905
ENSG00000135272,MDFIC,44374.847489109525
ENSG00000105971,CAV2,45026.65305981831
ENSG00000105974,CAV1,371.08109642766743
ENSG00000106025,TSPAN12,901216.096835554
ENSG00000106034,CPED1,
ENSG00000002745,WNT16,
ENSG00000106278,PTPRZ1,5557.9997124046085
ENSG00000230316,FEZF1-AS1,
ENSG00000241324,,
ENSG00000224899,LINC02830,
ENSG00000106331,PAX4,
ENSG00000128595,CALU,5115.119919636011
ENSG00000165120,SSMEM1,859.2669864901591
ENSG00000106484,MEST,3807.3182221045163
ENSG00000221866,PLXNA4,4928.762644276337
ENSG00000122786,CALD1,5480.261431844363
ENSG00000105894,PTN,4482.963255490299
ENSG00000105939,ZC3HAV1,10031.899059937396
ENSG00000174469,CNTNAP2,5820.626083510519
ENSG00000106462,EZH2,3197.429960078574
ENSG00000106538,RARRES2,8567.103211738724
ENSG00000106615,RHEB,4273.163925119937
ENSG00000196584,XRCC2,8788.71219072457
ENSG00000220575,HTR5A-AS1,25105623.969477147
ENSG00000186480,INSIG1,3550.970780003315
ENSG00000146918,NCAPG2,4689.16600281313
ENSG00000106018,VIPR2,8902.366306797201
ENSG00000226179,LINC00685,6060.408390376851
ENSG00000002586,CD99,3185.459537489369
ENSG00000011201,ANOS1,32381.73825005702
ENSG00000101871,MID1,4745.0601471448335
ENSG00000205542,TMSB4X,8591.229354080171
ENSG00000046653,GPM6B,5154.40454448572
ENSG00000101958,GLRA2,2466.7328191451406
ENSG00000102054,RBBP7,4717.244219038013
ENSG00000233785,SAT1-DT,
ENSG00000130066,SAT1,4530.064701280761
ENSG00000004848,ARX,10921.911444857005
ENSG00000259849,VENTXP1,
ENSG00000147027,TMEM47,6039.429730399173
ENSG00000165168,CYBB,
ENSG00000147119,CHST7,6688.522364933165
ENSG00000102265,TIMP1,39521.020284658036
ENSG00000102145,GATA1,
ENSG00000102109,PCSK1N,5914.035034737993
ENSG00000072501,SMC1A,3808.98214305144
ENSG00000158578,ALAS2,968.6876801166194
ENSG00000147065,MSN,4361.814213145482
ENSG00000090889,KIF4A,4982.362000235438
ENSG00000130055,GDPD2,101485.15981159851
ENSG00000147168,IL2RG,
ENSG00000186871,ERCC6L,3873.917099469784
ENSG00000229807,XIST,3574.9692295817044
ENSG00000102158,MAGT1,6560.1104870011695
ENSG00000078596,ITM2A,2591.7916236082874
ENSG00000198157,HMGN5,5660.796299332124
ENSG00000131171,SH3BGRL,5560.781046656502
ENSG00000102271,KLHL4,9361.638871576806
ENSG00000102290,PCDH11X,3303.668692877208
ENSG00000165194,PCDH19,9406.716807041104
ENSG00000010671,BTK,
ENSG00000166432,ZMAT1,6331.195859935629
ENSG00000197565,COL4A6,7102.769403151989
ENSG00000188153,COL4A5,54295.858007281444
ENSG00000176076,KCNE5,12413.636013797352
ENSG00000241743,XACT,
ENSG00000147246,HTR2C,
ENSG00000123496,IL13RA2,266238.9590499045
ENSG00000102024,PLS3,11590.770170508595
ENSG00000005022,SLC25A5,4937.05794876248
ENSG00000260585,,
ENSG00000009694,TENM1,6004.370564522502
ENSG00000122122,SASH3,
ENSG00000147256,ARHGAP36,
ENSG00000076716,GPC4,432.15562892461
ENSG00000147257,GPC3,6977.059250273191
ENSG00000022267,FHL1,4474.650130890972
ENSG00000129680,MAP7D3,20252.637424943394
ENSG00000129675,ARHGEF6,8233.671036831518
ENSG00000134595,SOX3,3968.511150171615
ENSG00000155495,MAGEC1,
ENSG00000185985,SLITRK2,2674.7332258301185
ENSG00000176988,FMR1NB,15510.02753667359
ENSG00000029993,HMGB3,5133.076993903272
ENSG00000182492,BGN,
ENSG00000130822,PNCK,1906.1476871275472
ENSG00000007350,TKTL1,853.2839589044046
ENSG00000196924,FLNA,4904.52703971612
ENSG00000160219,GAB3,
ENSG00000198010,DLGAP2,3091.2077853569517
ENSG00000183117,CSMD1,8180.599697869768
ENSG00000279949,,
ENSG00000175806,MSRA,3544.388048843013
ENSG00000079459,FDFT1,4857.07262275337
ENSG00000164741,DLC1,3821.2844126310633
ENSG00000156006,NAT2,
ENSG00000156011,PSD3,4428.833499381338
ENSG00000147408,CSGALNACT1,6302.455726607022
ENSG00000175445,LPL,3879.2752214729803
ENSG00000158815,FGF17,4936.76279027933
ENSG00000168476,REEP4,6363.978865934286
ENSG00000179388,EGR3,2006.7240437037037
ENSG00000147454,SLC25A37,6345.437542965334
ENSG00000253643,ADAM7-AS2,
ENSG00000104722,NEFM,3066.11515788433
ENSG00000277586,NEFL,6630.327790077959
ENSG00000184661,CDCA2,22313.644857567746
ENSG00000221818,EBF2,
ENSG00000015592,STMN4,4907.685144606389
ENSG00000120885,CLU,4597.590263392579
ENSG00000168077,SCARA3,4910.398004657233
ENSG00000171320,ESCO2,17381.754342567143
ENSG00000168078,,21789.7544315741
ENSG00000120875,DUSP4,4286.904867502962
ENSG00000254109,RBPMS-AS1,2681.950239808349
ENSG00000133863,TEX15,147432.0385426857
ENSG00000157168,NRG1,4367.8570129206455
ENSG00000253181,,
ENSG00000077782,FGFR1,4043.5680230791654
ENSG00000147526,TACC1,2222.3499685867578
ENSG00000104332,SFRP1,4107.596044757233
ENSG00000147536,GINS4,4470.769872012522
ENSG00000104368,PLAT,4280.852427196789
ENSG00000221869,CEBPD,9137.947841637535
ENSG00000253729,PRKDC,3486.0370641553795
ENSG00000104738,MCM4,5044.734676450441
ENSG00000147481,SNTG1,3854.8046797099887
ENSG00000147509,RGS20,1668.414321475951
ENSG00000206579,XKR4,2598.181797915474
ENSG00000254087,LYN,14910.343501742187
ENSG00000181195,PENK,5398.326846753672
ENSG00000171316,CHD7,5470.183830135292
ENSG00000254222,,
ENSG00000198363,ASPH,3498.3819432486994
ENSG00000185942,NKAIN3,3832.6055847129287
ENSG00000137563,GGH,4227.705729874219
ENSG00000253762,,
ENSG00000254377,MIR124-2HG,3845.9584399586106
ENSG00000180828,BHLHE22,5949.274910445501
ENSG00000254081,LINC01299,
ENSG00000147571,CRH,1335.579482981576
ENSG00000185697,MYBL1,8862.365462656364
ENSG00000104205,SGK3,7486.396277808244
ENSG00000046889,PREX2,6282.4482758476925
ENSG00000253967,LINC03020,
ENSG00000091656,ZFHX4,2481.0907548634773
ENSG00000104435,STMN2,8940.98115285321
ENSG00000164683,HEY1,5881.844112321845
ENSG00000076641,PAG1,4939.321340990074
ENSG00000164687,FABP5,4549.745131669728
ENSG00000147588,PMP2,12605.901898605076
ENSG00000133739,LRRCC1,5179.943007537227
ENSG00000164879,CA3,4457.810205506322
ENSG00000104267,CA2,2581.4301275307157
ENSG00000123119,NECAB1,3404.8721915758883
ENSG00000253901,,
ENSG00000079102,RUNX1T1,4123.603491947625
ENSG00000253585,,
ENSG00000164949,GEM,95362.90290168859
ENSG00000175305,CCNE2,1939.2785904087611
ENSG00000156466,GDF6,
ENSG00000254224,UQCRB-AS1,
ENSG00000169439,SDC2,3139.9874147008386
ENSG00000104341,LAPTM4B,4917.7108732039715
ENSG00000156509,FBXO43,60910.21889279502
ENSG00000253679,LINC02844,
ENSG00000176406,RIMS2,3452.138181336165
ENSG00000154188,ANGPT1,735775.8806046295
ENSG00000147642,SYBU,6538.869229598531
ENSG00000164796,CSMD3,2705.205493490109
ENSG00000164754,RAD21,4116.480274480456
ENSG00000170961,HAS2,5799.69286905753
ENSG00000156802,ATAD2,7143.806574953541
ENSG00000156804,FBXO32,4034.835147568068
ENSG00000104549,SQLE,3658.9011782214475
ENSG00000245164,LINC00861,
ENSG00000168672,LRATD2,6746.719912537426
ENSG00000136997,MYC,5768.145484429355
ENSG00000261220,ST3GAL1-DT,4622.5209027150795
ENSG00000198576,ARC,9676.625780301876
ENSG00000104529,EEF1D,4582.836226552217
ENSG00000167702,KIFC2,4670.853916346084
ENSG00000183784,DOCK8-AS1,16976.96392576002
ENSG00000107099,DOCK8,
ENSG00000080503,SMARCA2,4322.216820755301
ENSG00000107249,GLIS3,124240.42210968818
ENSG00000137033,IL33,18548.748794446754
ENSG00000226197,LOC105375977,
ENSG00000164985,PSIP1,4229.357561446739
ENSG00000173068,BNC2,
ENSG00000044459,CNTLN,4431.566136481303
ENSG00000178031,ADAMTSL1,2486.689517697946
ENSG00000147872,PLIN2,5098.80991148363
ENSG00000120162,MOB3B,3513.9331667234987
ENSG00000164972,SPMIP6,3541.750793657469
ENSG00000168913,ENHO,4469.574980612785
ENSG00000137135,ARHGEF39,9434.811296916065
ENSG00000198467,TPM2,5951.890260434196
ENSG00000165304,MELK,3690.4197618412845
ENSG00000154529,CNTNAP3B,5614.261486593182
ENSG00000135063,ENTREP1,5529.370574921715
ENSG00000083067,TRPM3,3743.9496417904365
ENSG00000119125,GDA,13666.491235195039
ENSG00000135046,ANXA1,
ENSG00000198963,RORB,4148.304918286658
ENSG00000099139,PCSK5,4817.691027057238
ENSG00000135069,PSAT1,5159.689058216291
ENSG00000106829,TLE4,4141.845483647415
ENSG00000196781,TLE1,4545.099688141356
ENSG00000165113,GKAP1,5137.654640096435
ENSG00000148053,NTRK2,5057.867919013152
ENSG00000180447,GAS1,6187.403002167905
ENSG00000213694,S1PR3,6676.489374030244
ENSG00000123975,CKS2,4727.460777547558
ENSG00000130222,GADD45G,3926.823615213752
ENSG00000231107,LINC01508,
ENSG00000165025,SYK,
ENSG00000225194,LINC00092,
ENSG00000165244,ZNF367,5600.948004827497
ENSG00000136938,ANP32B,4804.516738157524
ENSG00000119508,NR4A3,6310.134331540387
ENSG00000188386,PPP3R2,
ENSG00000136824,SMC2,6715.4566341970085
ENSG00000136826,KLF4,2580.6830505508087
ENSG00000119326,CTNNAL1,4941.950993078526
ENSG00000260230,FRRS1L,2836.2777030866237
ENSG00000198121,LPAR1,1082.922321596198
ENSG00000119471,HSDL2,5521.918964368201
ENSG00000041982,TNC,13997.044733490113
ENSG00000244757,,
ENSG00000136861,CDK5RAP2,3940.949766157099
ENSG00000119403,PHF19,7796.125345792929
ENSG00000119397,CNTRL,6097.03706047885
ENSG00000148175,STOM,4608.621942912019
ENSG00000106852,LHX6,566.2895122214265
ENSG00000148204,CRB2,18377.374659086
ENSG00000106689,LHX2,4138.048813052846
ENSG00000044574,HSPA5,4607.304684293071
ENSG00000167081,PBX3,5209.790951613532
ENSG00000119333,DYNC2I2,4510.444354756743
ENSG00000270755,,7287.386140169436
ENSG00000130720,FIBCD1,476.40215312158176
ENSG00000236658,FIBCD1-AS1,
ENSG00000126878,AIF1L,2662.0389578610284
ENSG00000228877,LOC100506532,
ENSG00000107147,KCNT1,10506.123615672564
ENSG00000148400,NOTCH1,5483.674120272801
ENSG00000107317,PTGDS,4035.524837090672
ENSG00000186193,SAPCD2,5147.481293154784
ENSG00000176884,GRIN1,3783.065327691912
ENSG00000188229,TUBB4B,5244.188807881183
ENSG00000198435,NRARP,7065.801365729163
ENSG00000148408,CACNA1B,4644.8534282477
ENSG00000185201,IFITM2,24171.15523657702
ENSG00000142089,IFITM3,2194.8236611928087
ENSG00000182272,B4GALNT4,5004.474956470154
ENSG00000110651,CD81,4717.448393851958
ENSG00000269821,KCNQ1OT1,2968.098681676974
ENSG00000167325,RRM1,4625.791328829239
ENSG00000244734,HBB,1188.4452580815046
ENSG00000213934,HBG1,6543.467040951112
ENSG00000196565,HBG2,8447.990327097716
ENSG00000132274,TRIM22,692.9921568249022
ENSG00000166444,DENND2B,4150.823754821336
ENSG00000175356,SCUBE2,77335.49542227088
ENSG00000166483,WEE1,3439.54448619366
ENSG00000148926,ADM,
ENSG00000050165,DKK3,3077.4426979385453
ENSG00000133816,MICAL2,3785.0004932213305
ENSG00000262655,SPON1,5604.138441923393
ENSG00000110693,SOX6,2199.295288661992
ENSG00000134333,LDHA,4943.851941751378
ENSG00000129173,E2F8,7813.793371200131
ENSG00000187398,LUZP2,6155.483135161342
ENSG00000134343,ANO3,10082.99262564702
ENSG00000176971,FIBIN,58200.410668047814
ENSG00000129151,BBOX1,
ENSG00000109881,CCDC34,4097.150725362385
ENSG00000121621,KIF18A,2906.68395095463
ENSG00000228061,,300635.4443990247
ENSG00000007372,PAX6,5052.037683990494
ENSG00000049449,RCN1,1599.000505955634
ENSG00000135363,LMO2,3116.8454715216867
ENSG00000026508,CD44,2431.654925860103
ENSG00000110436,SLC1A2,5187.708130912221
ENSG00000148948,LRRC4C,7179.229466810929
ENSG00000187479,C11orf96,3485.5766823645013
ENSG00000085117,CD82,542.2859146838922
ENSG00000110492,MDK,5220.212393076938
ENSG00000175216,CKAP5,4754.115241174529
ENSG00000149124,GLYAT,
ENSG00000189057,FAM111B,46558.31727306618
ENSG00000166801,FAM111A,92287.77110793446
ENSG00000255008,LINC02739,
ENSG00000229183,PGA4,
ENSG00000204950,LRRC10B,9260.063973687267
ENSG00000168496,FEN1,4418.974942397507
ENSG00000221968,FADS3,3271.702898651309
ENSG00000149503,INCENP,4085.860796937019
ENSG00000124942,AHNAK,1441517.2347664074
ENSG00000146670,CDCA5,6363.6586846191185
ENSG00000245532,NEAT1,3884.2144677493848
ENSG00000255120,OVOL1-AS1,
ENSG00000174576,NPAS4,5219.167567941411
ENSG00000132744,ACY3,8156141857.173635
ENSG00000110090,CPT1A,2381.9193742771076
ENSG00000110092,CCND1,4840.100902724781
ENSG00000131620,ANO1,
ENSG00000165457,FOLR2,47944.66086333237
ENSG00000175567,UCP2,8768.750324142355
ENSG00000077514,POLD3,5193.0180095589285
ENSG00000171561,OR2AT4,957802.3379010477
ENSG00000149257,SERPINH1,5374.0133583997285
ENSG00000087884,AAMDC,4092.861353119348
ENSG00000254434,,211006.2804679317
ENSG00000182103,FAM181B,5557.842278374242
ENSG00000150672,DLG2,4881.6118025032565
ENSG00000255082,GRM5-AS1,6629.550164888808
ENSG00000168959,GRM5,3220.9631965662797
ENSG00000165323,FAT3,3858.7128908964446
ENSG00000149212,SESN3,4190.595271376906
ENSG00000110318,CEP126,4492.36748319615
ENSG00000137693,YAP1,7046.056323848344
ENSG00000023445,BIRC3,165010728.9281621
ENSG00000152558,TMEM123,2067.540632406998
ENSG00000170962,PDGFD,18485.803602295193
ENSG00000204397,CARD16,23305.870470134967
ENSG00000152578,GRIA4,4474.594481751548
ENSG00000152402,GUCY1A2,3360.3162676138627
ENSG00000110675,ELMOD1,4268.004027819215
ENSG00000170290,SLN,11312.129807599284
ENSG00000178202,POGLUT3,5194.459467840849
ENSG00000110723,EXPH5,3202.613418069051
ENSG00000137710,RDX,3358.428230876585
ENSG00000137727,ARHGAP20,9459.414124744007
ENSG00000109846,CRYAB,7667.29004544415
ENSG00000166741,NNMT,
ENSG00000076043,REXO2,2444.7529964587256
ENSG00000182985,CADM1,5004.7417486801205
ENSG00000188486,H2AX,5851.659985594126
ENSG00000076706,MCAM,12683.78388388734
ENSG00000109971,HSPA8,4935.921015012968
ENSG00000166257,SCN3B,4342.239271492199
ENSG00000064199,SPA17,3871.746300357306
ENSG00000165478,HEPACAM,10550.76412019751
ENSG00000221932,HEPN1,12159.3083191634
ENSG00000149554,CHEK1,3325.092201686199
ENSG00000198331,HYLS1,3936.49439701907
ENSG00000064309,CDON,3449.1641105659073
ENSG00000166086,JAM3,5189.926235528417
ENSG00000151503,NCAPD3,2777.434729003115
ENSG00000067064,IDI1,5211.937764317549
ENSG00000067082,KLF6,3236.9951092052693
ENSG00000196139,AKR1C3,7204.265748466861
ENSG00000223784,LINC00707,102482.90569186528
ENSG00000123243,ITIH5,6852.215075790293
ENSG00000048740,CELF2,4706.340808955603
ENSG00000231496,,2618.3947524437763
ENSG00000181192,DHTKD1,4814.925805835393
ENSG00000065328,MCM10,11202.065545392832
ENSG00000086475,SEPHS1,4304.026058965135
ENSG00000026025,VIM,4373.628838051193
ENSG00000148483,TMEM236,2839.6084192582903
ENSG00000148482,SLC39A12,
ENSG00000233968,MALRD1-AS1,
ENSG00000136770,DNAJC1,3379.487799234796
ENSG00000168267,PTF1A,6182.977317567064
ENSG00000151023,ENKUR,754.5740659296333
ENSG00000095777,MYO3A,18521.703008763263
ENSG00000136750,GAD2,6736.526862267661
ENSG00000077420,APBB1IP,18889.33469386057
ENSG00000107890,ANKRD26,4081.132274593786
ENSG00000120539,MASTL,6675.677924721395
ENSG00000148516,ZEB1,4137.010549917052
ENSG00000170759,KIF5B,5101.818820369187
ENSG00000099250,NRP1,5473.600536610405
ENSG00000177283,FZD8,3146.167187727721
ENSG00000227313,LINC02630,
ENSG00000107562,CXCL12,3782.3366407877816
ENSG00000177354,C10orf71,
ENSG00000107984,DKK1,9055.056524683176
ENSG00000150275,PCDH15,
ENSG00000122952,ZWINT,12308.803892903228
ENSG00000151150,ANK3,6074.690147777454
ENSG00000170312,CDK1,6330.447210671281
ENSG00000150347,ARID5B,5491.523550626999
ENSG00000182010,RTKN2,3141.205618603826
ENSG00000122877,EGR2,22549.484893826015
ENSG00000198739,LRRTM3,3755.3771132925153
ENSG00000138346,DNA2,3170.651978881355
ENSG00000165730,STOX1,5267.236073308327
ENSG00000122862,SRGN,7013.251261463515
ENSG00000168209,DDIT4,5577.690537350856
ENSG00000138315,OIT3,56424.89818722933
ENSG00000122884,P4HA1,4805.290306304056
ENSG00000213551,DNAJC9,3188.119357835577
ENSG00000035403,VCL,5485.860052909759
ENSG00000156110,ADK,6120.8079461403895
ENSG00000156113,KCNMA1,8384.704390045063
ENSG00000165424,ZCCHC24,10731.511896625
ENSG00000189129,PLAC9,221192.48900431462
ENSG00000234942,GRID1-AS1,33091.23338387567
ENSG00000148671,ADIRF,1902022.9001190772
ENSG00000026103,FAS,968107.0067085115
ENSG00000138135,CH25H,16942.193862220895
ENSG00000185745,IFIT1,3987.7067605695233
ENSG00000152779,SLC16A12,12897.97094206853
ENSG00000138182,KIF20B,1770.6306067111746
ENSG00000180628,PCGF5,7486.975355174399
ENSG00000174721,FGFBP3,3135.778033656078
ENSG00000138160,KIF11,8633.368642116815
ENSG00000152804,HHEX,87380.89164515004
ENSG00000095596,CYP26A1,26638.046866113484
ENSG00000138180,CEP55,10130.816424188764
ENSG00000108231,LGI1,5817.936989126925
ENSG00000138193,PLCE1,3712.057412138101
ENSG00000119969,HELLS,5284.335101480563
ENSG00000107438,PDLIM1,5743.127927932596
ENSG00000187122,SLIT1,4624.299649805744
ENSG00000269891,ARHGAP19-SLIT1,6311.177503511067
ENSG00000171314,PGAM1,4108.400612296604
ENSG00000099194,SCD,4012.040105132257
ENSG00000273476,,845.536982065088
ENSG00000148798,INA,4242.110515005201
ENSG00000148700,ADD3,4812.880985154216
ENSG00000150594,ADRA2A,3792.7610325975165
ENSG00000148737,TCF7L2,7356.693992051994
ENSG00000099204,ABLIM1,4647.978305308442
ENSG00000148908,RGS10,15732.048022955236
ENSG00000151929,BAG3,61874.86130442474
ENSG00000166033,HTRA1,4711.170073522666
ENSG00000154473,BUB3,4511.080021457448
ENSG00000065154,OAT,4017.086724531488
ENSG00000150760,DOCK1,7356.657469658836
ENSG00000148773,MKI67,8481.263713243812
ENSG00000176171,BNIP3,5258.617585147277
ENSG00000010379,SLC6A13,7809.2132707977435
ENSG00000151067,CACNA1C,4490.927631397141
ENSG00000111206,FOXM1,9371.995173148533
ENSG00000111218,PRMT8,3835.342630376069
ENSG00000118971,CCND2,4889.954490058478
ENSG00000111247,RAD51AP1,11424.309327574229
ENSG00000185652,NTF3,11785.480718167308
ENSG00000010278,CD9,28819.54806755184
ENSG00000010292,NCAPD2,2903.958762521911
ENSG00000111640,GAPDH,5884.184902746862
ENSG00000010610,CD4,
ENSG00000111665,CDCA3,7115.393630400677
ENSG00000111669,TPI1,3780.368126153861
ENSG00000173262,SLC2A14,132927292.60606895
ENSG00000059804,SLC2A3,935.2674622637213
ENSG00000171860,C3AR1,
ENSG00000175899,A2M,41510.91156687377
ENSG00000111796,KLRB1,
ENSG00000110852,CLEC2B,
ENSG00000173391,OLR1,230956246.15923214
ENSG00000060138,YBX3,2871.001866803879
ENSG00000178878,APOLD1,9161.306283371086
ENSG00000134531,EMP1,
ENSG00000273079,GRIN2B,4413.134964169718
ENSG00000111348,ARHGDIB,79340.2972855948
ENSG00000008394,MGST1,74382.1738750465
ENSG00000048540,LMO3,3989.235346233872
ENSG00000111404,RERGL,
ENSG00000139155,SLCO1C1,88902.31593004655
ENSG00000111716,LDHB,6102.332907498811
ENSG00000069431,ABCC9,3477.1970510484466
ENSG00000250166,C2CD5-AS1,
ENSG00000123095,BHLHE41,6723.591146634484
ENSG00000123096,SSPN,4221.74226687704
ENSG00000278095,,19097857843.739487
ENSG00000123104,ITPR2,4374.604917439066
ENSG00000110841,PPFIBP1,2753.8982612082063
ENSG00000087494,PTHLH,
ENSG00000139117,CPNE8,1247.5242155830674
ENSG00000205592,MUC19,
ENSG00000018236,CNTN1,4110.282458794848
ENSG00000165966,PDZRN4,1430.6239591245258
ENSG00000151233,GXYLT1,2456.749381451167
ENSG00000184613,NELL2,4828.115754257806
ENSG00000185610,DBX2,364510.2422525503
ENSG00000139218,SCAF11,3266.1426402686784
ENSG00000134291,TMEM106C,3445.3652636399647
ENSG00000123416,TUBA1B,6434.843866059672
ENSG00000167552,TUBA1A,10377.120894228332
ENSG00000167553,TUBA1C,4091.3281719083925
ENSG00000135451,TROAP,20657.396229373982
ENSG00000139644,TMBIM6,6259.081210406629
ENSG00000161800,RACGAP1,6691.79797088746
ENSG00000167588,GPD1,2764.694395187746
ENSG00000050405,LIMA1,4312.566237348002
ENSG00000185432,TMT1A,7180.774576131757
ENSG00000123358,NR4A1,6929.203327035156
ENSG00000135476,ESPL1,
ENSG00000170374,SP7,
ENSG00000094916,CBX5,5610.816593878808
ENSG00000123405,NFE2,
ENSG00000123338,NCKAP1L,
ENSG00000123307,NEUROD4,4717.830050325452
ENSG00000170439,TMT1B,
ENSG00000135404,CD63,4999.02687209331
ENSG00000123374,CDK2,11018.084437064363
ENSG00000229117,RPL41,7249.489519715982
ENSG00000175336,APOF,
ENSG00000111602,TIMELESS,3961.7997606775107
ENSG00000166863,TAC3,
ENSG00000175197,DDIT3,4533.4713147644115
ENSG00000156076,WIF1,1997455.0713090796
ENSG00000149948,HMGA2,4918.915864442511
ENSG00000111554,MDM1,6458.914209107306
ENSG00000127325,BEST3,
ENSG00000127328,RAB3IP,3826.8280313274618
ENSG00000153233,PTPRR,6037.782563387854
ENSG00000166006,KCNC2,10193.801311799381
ENSG00000187109,NAP1L1,4248.051794762818
ENSG00000175183,CSRP2,4197.696505326883
ENSG00000165891,E2F7,5972.23227703737
ENSG00000067798,NAV3,5004.796442306451
ENSG00000177425,PAWR,5459.568127248019
ENSG00000133640,LRRIQ1,4096.365613799393
ENSG00000182050,MGAT4C,2810.3690463922226
ENSG00000198707,CEP290,3485.908087252929
ENSG00000139318,DUSP6,4958.587566597147
ENSG00000070961,ATP2B1,5034.699904903296
ENSG00000139329,LUM,
ENSG00000011465,DCN,5021.8040013362215
ENSG00000136040,PLXNC1,2059.9860278328506
ENSG00000258292,LINC02410,
ENSG00000139350,NEDD1,4613.628884410932
ENSG00000120802,TMPO,4124.960739034131
ENSG00000166130,IKBIP,2452.3400752702732
ENSG00000179520,SLC17A8,7775.81417938222
ENSG00000139354,GAS2L3,8787.019199411432
ENSG00000256870,SLC5A8,10766.444557057039
ENSG00000111666,CHPT1,6793.314486842115
ENSG00000185480,PARPBP,8573.103955484727
ENSG00000139352,ASCL1,5638.456760973009
ENSG00000166598,HSP90B1,4513.698678707851
ENSG00000120820,GLT8D2,11324.57748182801
ENSG00000235162,C12orf75,5419.858586313576
ENSG00000111783,RFX4,7536.419503394585
ENSG00000110876,SELPLG,
ENSG00000139445,FOXN4,13730.99574687831
ENSG00000089169,RPH3A,
ENSG00000135111,TBX3,
ENSG00000135116,HRK,1859.2007305292914
ENSG00000089250,NOS1,3571.419126659016
ENSG00000122966,CIT,33419.173887540055
ENSG00000089157,RPLP0,7829.766599815197
ENSG00000135100,HNF1A,52466633.283984944
ENSG00000135114,OASL,
ENSG00000089041,P2RX7,81301.59704800058
ENSG00000184445,KNTC1,6666.364280908751
ENSG00000183955,KMT5A,5455.397155672529
ENSG00000139364,TMEM132B,5215.905041660572
ENSG00000189238,LINC00943,2752.5504797330987
ENSG00000151952,TMEM132D,4612.42519366724
ENSG00000132341,RAN,5409.128871492299
ENSG00000176894,PXMP2,5948.705033789135
ENSG00000121742,GJB6,
ENSG00000165480,SKA3,6579.207277583558
ENSG00000132932,ATP8A2,4491.932385677307
ENSG00000169840,GSX1,
ENSG00000189403,HMGB1,6533.994719163643
ENSG00000175664,TEX26,201662376.6349515
ENSG00000120694,HSPH1,3829.492398870025
ENSG00000139618,BRCA2,7144.950411081844
ENSG00000133119,RFC3,4188.587468664657
ENSG00000172915,NBEA,4512.092516980969
ENSG00000133101,CCNA1,4635.786556090816
ENSG00000120693,SMAD9,4350.384535199
ENSG00000183722,LHFPL6,3143.0568657562344
ENSG00000150907,FOXO1,1027.2776552571702
ENSG00000102760,RGCC,754.7329658707317
ENSG00000102780,DGKH,3291.633677581461
ENSG00000136167,LCP1,3770904828.6758494
ENSG00000102468,HTR2A,15188.765563356275
ENSG00000231607,DLEU2,4223.7529919825365
ENSG00000136104,RNASEH2B,5114.7365767433985
ENSG00000136108,CKAP2,2654.758627686921
ENSG00000136110,CNMD,5552.46931141532
ENSG00000136099,PCDH8,3454.7403601796113
ENSG00000118946,PCDH17,8199.781225689952
ENSG00000139734,DIAPH3,11936.960531448864
ENSG00000184226,PCDH9,4429.144129145297
ENSG00000276644,DACH1,12570.067895575117
ENSG00000204899,MZT1,5711.019865744729
ENSG00000136122,BORA,51874.60568765599
ENSG00000136153,LMO7,4442.06529054901
ENSG00000136160,EDNRB,509209.4405657098
ENSG00000136158,SPRY2,4060.175206663663
ENSG00000184564,SLITRK6,11245.210238797763
ENSG00000165300,SLITRK5,4142.808899320821
ENSG00000226037,LINC01040,
ENSG00000183098,GPC6,6591.035638017089
ENSG00000080166,DCT,
ENSG00000125285,SOX21,4380.529533445628
ENSG00000134873,CLDN10,39893.094043805024
ENSG00000185352,HS6ST3,3429.5873988013004
ENSG00000088387,DOCK9,2333.656284565527
ENSG00000169508,GPR183,2801.709791624293
ENSG00000139800,ZIC5,817793.4126681631
ENSG00000043355,ZIC2,97511.65639356156
ENSG00000233009,NALCN-AS1,
ENSG00000175820,CCDC168,4661.216134628583
ENSG00000041515,MYO16,5260.793999942965
ENSG00000275830,LINC03082,
ENSG00000182968,SOX1,6780.319272903193
ENSG00000198805,PNP,2064.748984684961
ENSG00000129538,RNASE1,7645.124998653324
ENSG00000169327,OR5AU1,
ENSG00000211829,TRDC,
ENSG00000092054,MYH7,
ENSG00000100867,DHRS2,
ENSG00000100908,EMC9,6224.189792024217
ENSG00000168952,STXBP6,7812.434865233715
ENSG00000092140,G2E3,3786.060578262161
ENSG00000129493,HEATR5A,2631.0779202784706
ENSG00000100852,ARHGAP5,2884.378045846421
ENSG00000151322,NPAS3,2041.9001204734009
ENSG00000129521,EGLN3,24179.807280473196
ENSG00000165389,SPTSSA,2990.6229306412356
ENSG00000136352,NKX2-1,
ENSG00000129534,MIS18BP1,6355.372070832763
ENSG00000258700,LINC00871,
ENSG00000165501,LRR1,7944.120149960885
ENSG00000100503,NIN,4529.2860915813335
ENSG00000100504,PYGL,12371.020992775275
ENSG00000100505,TRIM9,3519.7681915364324
ENSG00000139921,TMX1,3593.7206558281846
ENSG00000100526,CDKN3,2122.0976464018227
ENSG00000020577,SAMD4A,6457.483428307387
ENSG00000198554,WDHD1,3412.4810432669656
ENSG00000131981,LGALS3,2541.412427084728
ENSG00000126787,DLGAP5,3483.2630030200353
ENSG00000126777,KTN1,4545.571221422461
ENSG00000165617,DACT1,4772.8754206489475
ENSG00000126778,SIX1,
ENSG00000126785,RHOJ,3390.9374682955795
ENSG00000258943,,
ENSG00000054654,SYNE2,4411.133423303797
ENSG00000126803,HSPA2,15002.044119154943
ENSG00000072415,PALS1,5383.363987179991
ENSG00000185650,ZFP36L1,2706.9738982610793
ENSG00000072110,ACTN1,6395.500472454904
ENSG00000198732,SMOC1,1050.4546531112364
ENSG00000205683,DPF3,4956.999163635842
ENSG00000119711,ALDH6A1,6599.246551319933
ENSG00000183379,SYNDIG1L,
ENSG00000170345,FOS,8735.276294288806
ENSG00000140044,JDP2,19430.25551496319
ENSG00000021645,NRXN3,14521.49123527718
ENSG00000258829,,
ENSG00000211448,DIO2,3425.8201797885954
ENSG00000165409,TSHR,4446.119589652711
ENSG00000140022,STON2,2918.0921457875907
ENSG00000185070,FLRT2,3949.7353165249788
ENSG00000140030,GPR65,
ENSG00000140067,FAM181A,2839.6084192582903
ENSG00000100749,VRK1,6475.132296728695
ENSG00000127152,BCL11B,4241.687644104393
ENSG00000214548,MEG3,4017.608888550335
ENSG00000225746,MEG8,6250.806108772516
ENSG00000197406,DIO3,
ENSG00000080824,HSP90AA1,7159.1427584397325
ENSG00000156381,ANKRD9,6721.510869956166
ENSG00000166165,CKB,6707.025163535811
ENSG00000184990,SIVA1,4774.106401375904
ENSG00000170779,CDCA4,4424.173633077945
ENSG00000174450,GOLGA6L2,201770.57623344252
ENSG00000206187,LINC02346,15978.899039121563
ENSG00000182256,GABRG3,4118.79037096486
ENSG00000104067,TJP1,3182.4462136169864
ENSG00000198826,ARHGAP11A,10968.068343513803
ENSG00000166923,GREM1,4723.100898443411
ENSG00000198838,RYR3,3839.3713055598064
ENSG00000175265,GOLGA8A,5897.973131443398
ENSG00000215252,GOLGA8B,2363.0963998169773
ENSG00000159251,ACTC1,
ENSG00000172575,RASGRP1,3041.142471743095
ENSG00000156970,BUB1B,32902.39037628956
ENSG00000128944,KNSTRN,5748.735100352363
ENSG00000137812,KNL1,5040.295931089565
ENSG00000104147,OIP5,232674.31575290093
ENSG00000137804,NUSAP1,3208.8605272560717
ENSG00000092470,WDR76,3078.2868836238804
ENSG00000166710,B2M,3717.211714397149
ENSG00000259418,,13534.176196377834
ENSG00000171766,GATM,1053.5676604318191
ENSG00000128951,DUT,3493.954467263809
ENSG00000103995,CEP152,5101.783062433207
ENSG00000140284,SLC27A2,13480.601541033147
ENSG00000183578,TNFAIP8L3,7483.250251128635
ENSG00000138587,MNS1,3675.692389129989
ENSG00000157456,CCNB2,12904.773349422014
ENSG00000182718,ANXA2,6168.819136976416
ENSG00000069667,RORA,6719.514918412874
ENSG00000140416,TPM1,3795.8453669500987
ENSG00000185088,RPS27L,5137.987323640463
ENSG00000074410,CA12,2333.9253513473727
ENSG00000035664,DAPK2,6807.082816496582
ENSG00000166803,PCLAF,8424.332183696364
ENSG00000140451,PIF1,2136.901991879761
ENSG00000137809,ITGA11,10489.103949188568
ENSG00000137807,KIF23,4098.812520009327
ENSG00000137818,RPLP1,7796.875466731009
ENSG00000137831,UACA,5213.704282917336
ENSG00000067225,PKM,3928.493451875329
ENSG00000140365,COMMD4,4815.506924412924
ENSG00000103740,ACSBG1,27288.486627533337
ENSG00000166426,CRABP1,6050.468142168853
ENSG00000058335,RASGRF1,5105.948100682153
ENSG00000136404,TM6SF1,3943.788595773189
ENSG00000156218,ADAMTSL3,5431.594513396586
ENSG00000259527,LINC00052,
ENSG00000140538,NTRK3,5423.831452016757
ENSG00000140545,MFGE8,6525.46524928218
ENSG00000140525,FANCI,3291.01537035565
ENSG00000182054,IDH2,3664.958172370454
ENSG00000197299,BLM,584.4816137697974
ENSG00000198901,PRC1,3319.3432751532064
ENSG00000176463,SLCO3A1,6659.6796005133265
ENSG00000182175,RGMA,7806.556692501595
ENSG00000140563,MCTP2,641.4435603202278
ENSG00000273771,,
ENSG00000247809,NR2F2-AS1,13005.962843128633
ENSG00000185551,NR2F2,2831.359327670684
ENSG00000206177,HBM,3785.0001073219823
ENSG00000188536,HBA2,9822.324516040728
ENSG00000206172,HBA1,576.3136220572652
ENSG00000076344,RGS11,11419.45522207564
ENSG00000185615,PDIA2,1061.1722015039577
ENSG00000103202,NME4,3669.1896177652056
ENSG00000103260,METRN,3985.795541144582
ENSG00000140988,RPS2,8512.968960624023
ENSG00000183971,NPW,9232.7442576556
ENSG00000008710,PKD1,3210.4552656070423
ENSG00000167969,ECI1,3311.0899845098525
ENSG00000162063,CCNF,4954.673787241213
ENSG00000127564,PKMYT1,520.3408634159093
ENSG00000006327,TNFRSF12A,8660.89133699296
ENSG00000008517,IL32,
ENSG00000261889,,4663.716619922748
ENSG00000153048,CARHSP1,5557.791629100351
ENSG00000183454,GRIN2A,11882.437112000185
ENSG00000213853,EMP2,15861.617921706506
ENSG00000175643,RMI2,773.1342689321042
ENSG00000189067,LITAF,3999.9789258178353
ENSG00000237515,SHISA9,8127.575464090223
ENSG00000183426,NPIPA1,6841.765517373036
ENSG00000072864,NDE1,3618.4024574285954
ENSG00000280206,,4980.335642462616
ENSG00000170540,ARL6IP1,4396.480899578658
ENSG00000103528,SYT17,6866.627605074237
ENSG00000103316,CRYM,8094.690068296059
ENSG00000166851,PLK1,12376.41162685772
ENSG00000166501,PRKCB,3445.5661645868963
ENSG00000169181,GSG1L,1596.8024784554168
ENSG00000197471,SPN,13466.058095360751
ENSG00000079616,KIF22,6406.731919861522
ENSG00000149929,HIRIP3,4401.3202191050905
ENSG00000103490,PYCARD,2948.3322063678074
ENSG00000140678,ITGAX,
ENSG00000169877,AHSP,270531594.7852125
ENSG00000171241,SHCBP1,14101.366783355408
ENSG00000091651,ORC6,6559.277856804221
ENSG00000103449,SALL1,11062.058704290575
ENSG00000103460,TOX3,4047.457930500564
ENSG00000245694,LOC101927480,5274.879902741147
ENSG00000087245,MMP2,24517.33240178057
ENSG00000087250,MT3,2820.5720260626745
ENSG00000125148,MT2A,15602.980709754218
ENSG00000169715,MT1E,4447.70867780055
ENSG00000125144,MT1G,3528.7503159958965
ENSG00000187193,MT1X,3819.8634513390616
ENSG00000051108,HERPUD1,5144.821990851565
ENSG00000140848,CPNE2,6614.321962622498
ENSG00000150394,CDH8,4829.230143966487
ENSG00000039068,CDH1,11105.06944090122
ENSG00000172137,CALB2,8781.521745381884
ENSG00000168928,CTRB2,11810.369091538365
ENSG00000166822,TMEM170A,5733.694407972156
ENSG00000152910,CNTNAP4,10802.508650502534
ENSG00000166509,CLEC3A,
ENSG00000178573,MAF,3314.2257777855234
ENSG00000103121,CMC2,4792.711947165489
ENSG00000166451,CENPN,25010.4005670287
ENSG00000140945,CDH13,3488.7280920037683
ENSG00000103175,WFDC1,18351.922370685817
ENSG00000131153,GINS2,4497.498589204075
ENSG00000176692,FOXC2,
ENSG00000167508,MVD,4546.204289687061
ENSG00000167513,CDT1,1047.3937772075437
ENSG00000178773,CPNE7,2724.150155076411
ENSG00000187741,FANCA,5325.814843991954
ENSG00000108405,P2RX1,
ENSG00000167740,CYB5D2,657.6915683376997
ENSG00000161921,CXCL16,23003.44745359683
ENSG00000108518,PFN1,4788.408364689713
ENSG00000179314,WSCD1,4598.489226669965
ENSG00000129195,PIMREG,3605.4901108836857
ENSG00000129244,ATP1B2,3927.5088539078274
ENSG00000179029,TMEM107,4459.837073332454
ENSG00000178999,AURKB,34434.39958371456
ENSG00000141052,MYOCD,
ENSG00000153976,HS3ST3A1,
ENSG00000266378,,
ENSG00000109099,PMP22,1648.1853299350275
ENSG00000170315,UBB,4317.267209406445
ENSG00000170160,CCDC144A,2671.9789646465906
ENSG00000108551,RASD1,7211.384824705038
ENSG00000264666,,
ENSG00000262202,,3250.9995582063
ENSG00000166482,MFAP4,385584.82282842585
ENSG00000142494,SLC47A1,
ENSG00000128487,SPECC1,3210.5587396000233
ENSG00000236819,LINC01563,38017.67607576327
ENSG00000109107,ALDOC,7005.54741345414
ENSG00000076382,SPAG5,6239.606314037726
ENSG00000167543,TP53I13,6672.753809156646
ENSG00000167549,CORO6,40937.257837870195
ENSG00000176208,ATAD5,4488.524800459847
ENSG00000178691,SUZ12,3648.9974758101675
ENSG00000279668,,
ENSG00000108691,CCL2,2065.662292795367
ENSG00000108700,CCL8,
ENSG00000172716,SLFN11,
ENSG00000154760,SLFN13,2379098.7390279234
ENSG00000271503,CCL5,21222.44314409299
ENSG00000277632,CCL3,6347.062345968725
ENSG00000275302,CCL4,10740.598602195747
ENSG00000276070,CCL4L2,8299.514477999463
ENSG00000273706,LHX1,2519.463415422934
ENSG00000266588,,
ENSG00000161381,PLXDC1,4632.367068213046
ENSG00000094804,CDC6,10361.102683000589
ENSG00000131747,TOP2A,2282.9829459878674
ENSG00000141753,IGFBP4,10379.516607706406
ENSG00000094796,KRT31,4696.867057368532
ENSG00000171345,KRT19,19382.928274067224
ENSG00000126561,STAT5A,33333.398006193136
ENSG00000168610,STAT3,2983.8557122823577
ENSG00000108830,RND2,14563.667629661273
ENSG00000012048,BRCA1,3040.702762279621
ENSG00000175832,ETV4,10320.965059052241
ENSG00000180340,FZD2,7017.968697889164
ENSG00000131097,HIGD1B,3211.1817986467863
ENSG00000131095,GFAP,6333.505017472012
ENSG00000186185,KIF18B,17031.080799494077
ENSG00000131094,C1QL1,4509.391878851064
ENSG00000198336,MYL4,1692.3288250005237
ENSG00000189120,SP6,
ENSG00000173917,HOXB2,
ENSG00000120093,HOXB3,
ENSG00000260027,HOXB7,
ENSG00000064195,DLX3,550798.6708193327
ENSG00000006283,CACNA1G,3206.5920229000203
ENSG00000183691,NOG,12648.985981948706
ENSG00000153944,MSI2,2822.90842806306
ENSG00000005379,TSPOAP1,4273.498646086996
ENSG00000068489,PRR11,4941.469374808356
ENSG00000121068,TBX2,5306183.714110706
ENSG00000136492,BRIP1,8395.75941000833
ENSG00000011028,MRC2,13963.741085614887
ENSG00000108622,ICAM2,
ENSG00000154240,CEP112,2884.997733151302
ENSG00000182481,KPNA2,4462.341968975872
ENSG00000141338,ABCA8,
ENSG00000154265,ABCA5,10895.973938091027
ENSG00000153822,KCNJ16,3614563.768450786
ENSG00000125398,SOX9,4497.938418608467
ENSG00000180616,SSTR2,2937.83442058255
ENSG00000069188,SDK2,10757.465892466475
ENSG00000141540,TTYH2,4025.895753789498
ENSG00000204347,BTBD17,41011.01062228849
ENSG00000167851,CD300A,580166.1454769552
ENSG00000109062,NHERF1,2605.9030046456523
ENSG00000132475,H3-3B,6561.554233223757
ENSG00000161547,SRSF2,4664.85874845913
ENSG00000267016,,
ENSG00000167900,TK1,233269.86134940304
ENSG00000089685,BIRC5,2910.16320296286
ENSG00000184557,SOCS3,4499.898113126914
ENSG00000183684,ALYREF,5175.44059179942
ENSG00000169738,DCXR,5495.6785010860085
ENSG00000141526,SLC16A3,
ENSG00000263305,,
ENSG00000176890,TYMS,4373.920895416839
ENSG00000141433,ADCYAP1,5540.152198029011
ENSG00000080986,NDC80,4445.646478558693
ENSG00000177426,TGIF1,6636.337499391441
ENSG00000168461,RAB31,5441.429459144378
ENSG00000154856,APCDD1,16226.659527016454
ENSG00000141404,GNAL,2523.6790597009763
ENSG00000176014,TUBB6,3889.775458153009
ENSG00000260302,LINC01882,
ENSG00000158201,ABHD3,6870.077327796162
ENSG00000101773,RBBP8,2853.2625986645785
ENSG00000141447,OSBPL1A,3595.038818659324
ENSG00000154611,PSMA8,
ENSG00000171885,AQP4,42857.79403034628
ENSG00000154080,CHST9,
ENSG00000134762,DSC3,
ENSG00000265888,DSCAS,
ENSG00000118271,TTR,
ENSG00000141441,GAREM1,3728.180061853321
ENSG00000134769,DTNA,5357.003210699363
ENSG00000101489,CELF4,4374.737541940426
ENSG00000267374,MIR924HG,407465.5787751871
ENSG00000152214,RIT2,11718.437972435462
ENSG00000132872,SYT4,4961.083645971
ENSG00000101638,ST8SIA5,30952.088396797102
ENSG00000101670,LIPG,13672.455927379315
ENSG00000154839,SKA1,4813.283748240781
ENSG00000187323,DCC,4064.3222987931385
ENSG00000166510,CCDC68,
ENSG00000177511,ST8SIA3,10684.224802071738
ENSG00000183287,CCBE1,3854.1334011368126
ENSG00000141682,PMAIP1,189471.28834302654
ENSG00000171451,DSEL,3792.199939631756
ENSG00000141668,CBLN2,1621.1728513635953
ENSG00000187773,DIPK1C,9603.316071398642
ENSG00000180011,PTGR3,4544.779936478347
ENSG00000166573,GALR1,7649.484426930836
ENSG00000263146,LINC01896,5603.805126711602
ENSG00000256463,SALL3,12687.076844850006
ENSG00000267270,PARD6G-AS1,9243.47536877438
ENSG00000125835,SNRPB,3392.1051758961307
ENSG00000101224,CDC25B,4419.120579729746
ENSG00000132646,PCNA,4044.535498993806
ENSG00000101333,PLCB4,4828.561619060462
ENSG00000125869,LAMP5,96508.41520134594
ENSG00000101384,JAG1,5599.335098252641
ENSG00000125848,FLRT3,12770.471250010894
ENSG00000125879,OTOR,1532.9059148798137
ENSG00000125851,PCSK2,3761.0017482109715
ENSG00000089006,SNX5,3594.8190338713985
ENSG00000125871,MGME1,5434.537971757492
ENSG00000173404,INSM1,4811.128917084345
ENSG00000125820,NKX2-2,9205.518616281279
ENSG00000279082,LINC01727,
ENSG00000101439,CST3,3471.643859730022
ENSG00000100987,VSX1,
ENSG00000101003,GINS1,5610.639677382376
ENSG00000125968,ID1,207.87790705341374
ENSG00000088325,TPX2,6737.003044176857
ENSG00000078898,BPIFB2,
ENSG00000101412,E2F1,8112.803753960423
ENSG00000125965,GDF5,275389.8879421382
ENSG00000149636,DSN1,386.9948060520975
ENSG00000080839,RBL1,1687.7601551536648
ENSG00000101353,MROH8,5536.914415115545
ENSG00000118705,RPN2,3897.6668267479276
ENSG00000118702,GHRH,
ENSG00000053438,NNAT,6109.489650697116
ENSG00000132821,VSTM2L,6761.762833561013
ENSG00000198959,TGM2,25463.766690770393
ENSG00000101447,FAM83D,13479.051807384625
ENSG00000204103,MAFB,7941.723638280438
ENSG00000196090,PTPRT,8186.897313809613
ENSG00000185513,L3MBTL1,3281.3012677816846
ENSG00000101057,MYBL2,13218.603872051855
ENSG00000175063,UBE2C,4011.064736336668
ENSG00000026559,KCNG1,5075.232081460191
ENSG00000101096,NFATC2,55719.36437336581
ENSG00000182463,TSHZ2,853.0413763847077
ENSG00000101134,DOK5,5186.046477110341
ENSG00000054803,CBLN4,23301.768177401602
ENSG00000087586,AURKA,12963.80005744531
ENSG00000087510,TFAP2C,3710.415921425566
ENSG00000101144,BMP7,1010.3676246433439
ENSG00000124253,PCK1,
ENSG00000225978,HAR1A,
ENSG00000101198,NKAIN4,3878.074767252171
ENSG00000101203,COL20A1,94074.46835676163
ENSG00000101210,EEF1A2,4256.454732294424
ENSG00000125520,SLC2A4RG,9401.549739999415
ENSG00000185761,ADAMTSL5,
ENSG00000176619,LMNB2,5989.808731611883
ENSG00000099860,GADD45B,12705.76635307312
ENSG00000060558,GNA15,9616.70189424628
ENSG00000141905,NFIC,3744.460466159396
ENSG00000167670,CHAF1A,5248.932563779438
ENSG00000185361,TNFAIP8L1,3389.563951240152
ENSG00000105355,PLIN3,6843.146533117927
ENSG00000276043,UHRF1,8436.762920163781
ENSG00000125657,TNFSF9,27328.807249301106
ENSG00000125730,C3,61486.67818210249
ENSG00000142449,FBN3,5849.059785933971
ENSG00000167772,ANGPTL4,2745.149569367056
ENSG00000130816,DNMT1,3691.623753928066
ENSG00000105371,ICAM4,
ENSG00000130164,LDLR,4075.028923478139
ENSG00000161888,SPC24,2507.9987144920137
ENSG00000171223,JUNB,7808.036471577019
ENSG00000105610,KLF1,8935.281505813598
ENSG00000179218,CALR,4104.226686555834
ENSG00000104903,LYL1,24329.362356409438
ENSG00000160888,IER2,3768.5967813538455
ENSG00000141837,CACNA1A,5881.192033911312
ENSG00000267519,MIR23AHG,12880.505130407237
ENSG00000105011,ASF1B,11674.549133627628
ENSG00000123136,DDX39A,3358.3793944142535
ENSG00000132002,DNAJB1,3020.3783868483247
ENSG00000074181,NOTCH3,6416.959387785844
ENSG00000105122,RASAL3,
ENSG00000141977,CIB3,894949203.3135926
ENSG00000127528,KLF2,8616.142484477086
ENSG00000269053,,2975.49851824294
ENSG00000130522,JUND,5061.161070952424
ENSG00000130520,LSM4,5025.133957566813
ENSG00000130513,GDF15,
ENSG00000064607,SUGP2,4550.496237553106
ENSG00000267339,LINC00906,
ENSG00000187135,VSTM2B,8117.295279945568
ENSG00000198597,ZNF536,2160.215773051432
ENSG00000261400,,
ENSG00000266964,FXYD1,14288.985324710384
ENSG00000089327,FXYD5,167877.20718764482
ENSG00000012124,CD22,627073270.1904887
ENSG00000126266,FFAR1,18563.27871885623
ENSG00000075702,WDR62,6412.128054152716
ENSG00000171804,WDR87,281938.2060803052
ENSG00000167641,PPP1R14A,32607.582008947094
ENSG00000130755,GMFG,2110.5086164840727
ENSG00000128016,ZFP36,50652.4609199996
ENSG00000090013,BLVRB,4133.402139855965
ENSG00000028277,POU2F2,3075.5541646626525
ENSG00000204936,CD177,
ENSG00000104783,KCNN4,
ENSG00000130203,APOE,9753.932520371418
ENSG00000130208,APOC1,1573.4713249393992
ENSG00000104879,CKM,
ENSG00000125740,FOSB,3237.3758844958684
ENSG00000188425,NANOS2,
ENSG00000130751,NPAS1,12476.18084065524
ENSG00000197405,C5AR1,
ENSG00000105486,LIG1,4329.746770734988
ENSG00000142227,EMP3,13198.015949981896
ENSG00000167747,C19orf48P,4303.493335813396
ENSG00000129450,SIGLEC9,
ENSG00000171051,FPR1,
ENSG00000179820,MYADM,5506.59718084301
ENSG00000142408,CACNG8,3039.081930557791
ENSG00000167614,TTYH1,4065.960581879599
ENSG00000160472,TMEM190,
ENSG00000108106,UBE2S,4681.638585462384
ENSG00000198300,PEG3,2295.0458520108195
ENSG00000129824,RPS4Y1,
ENSG00000099715,PCDH11Y,1146.9595892743919
ENSG00000233864,,
ENSG00000114374,USP9Y,
ENSG00000067048,DDX3Y,34918.42205675136
ENSG00000176728,TTTY14,
ENSG00000012817,KDM5D,
ENSG00000198692,EIF1AY,23070.202555051466
ENSG00000093009,CDC45,574.5341370381045
ENSG00000099901,RANBP1,5564.067068905734
ENSG00000274422,,5099.63762243638
ENSG00000128322,IGLL1,13315.449157961539
ENSG00000167037,SGSM1,1309.5883458836718
ENSG00000100095,SEZ6L,4697.174271209719
ENSG00000225783,MIAT,2884.0167272701487
ENSG00000279848,,
ENSG00000223726,,983.7115186255899
ENSG00000100276,RASL10A,4525.606059345186
ENSG00000100234,TIMP3,8445.116858951964
ENSG00000100297,MCM5,6102.53826208829
ENSG00000128340,RAC2,
ENSG00000100055,CYTH4,
ENSG00000100097,LGALS1,2994.319436512625
ENSG00000100106,TRIOBP,4912.410316824056
ENSG00000189060,H1-0,5013.162350104342
ENSG00000185022,MAFF,3988.0716479787006
ENSG00000100311,PDGFB,9784.303110355067
ENSG00000284633,,
ENSG00000100346,CACNA1I,4414.628600341515
ENSG00000100401,RANGAP1,1818.0433739533364
ENSG00000100162,CENPM,3393.0197567608484
ENSG00000186732,MPPED1,4240.426888625297
ENSG00000075218,GTSE1,5148.800856567532
ENSG00000100427,MLC1,15342.091305470693
ENSG00000155307,SAMSN1,47170.802862625285
ENSG00000154640,BTG3,4706.255578641878
ENSG00000154654,NCAM2,2420.749838867522
ENSG00000154721,JAM2,6013.13728196299
ENSG00000154734,ADAMTS1,8311.574963599787
ENSG00000159055,MIS18A,4182.511705737849
ENSG00000166979,EVA1C,8255.381369766612
ENSG00000205927,OLIG2,4440.322728988507
ENSG00000184221,OLIG1,16815.372220751615
ENSG00000159216,RUNX1,15723.276653380892
ENSG00000157542,KCNJ6,3982.6813232471377
ENSG00000157557,ETS2,9402.265741997218
ENSG00000183036,PCP4,3561.0234508357
ENSG00000160298,C21orf58,5035.145111642168
ENSG00000160305,DIP2A,3290.341088899408
ENSG00000160307,S100B,5908.743334519413
